n,r,m
"(:Node:ENTITAS_KEAGAMAAN {name: dewa wishnu, id: dewa_wishnu, TIDUR_DI: [atas samudra dialasi dan dipayungi naga/ular cobra berkepala banyak]})","[:MENDAPATKAN {raw_relation: MENDAPATKAN, sentence_id: 3651, confidence: LOW}]","(:Node:KONSEP_FILOSOFIS {name: tirtha amertha, id: tirtha_amertha})"
"(:Node:ISTILAH_UMUM_RITUAL {name: dua kata, id: dua_kata})","[:ADALAH {raw_relation: ADALAH, sentence_id: 788, confidence: LOW}]","(:Node:KONSEP_FILOSOFIS {MEWUJUDKAN: [bayangan diri dalam air ening], aliases: [atma pitara, pitra dalam ngangsen, pitra mendiang], MENINGKAT_KEDUDUKAN_MENJADI: [bhatara atau bhatari sejak selesainya patileman], DIBUATKAN: [perlambang yang disebut sekah kangsen], MENYAKSIKAN: [anak cucunya melakukan upacara manusa yadnya tersebut], BARU_LEPAS_PERTALIAN_DENGAN: [stulasarira nya], MENERIMA: [dua buah daksina tapakan dibuat untuknya], DAPAT_MEMASUKI: [alam bwah loka tumpuan menuju alam swah loka], MENGELUPASI: [suksmasarira yang merupakan kulit dirinya], name: pitra, definition: atma yang masih bersuksmasarira, id: pitra, MEMAKAI: [wujud tersebut selaku pralingga perlambang diri yang dihuni]})"
"(:Node:ISTILAH_UMUM_RITUAL {name: dua kata, id: dua_kata})","[:ADALAH {raw_relation: ADALAH, sentence_id: 788, confidence: MED}]","(:Node:KONSEP_FILOSOFIS {HARUS_DIRASAKAN_SEBAGAI: [beban bagi pemikulnya], name: yadnya, id: yadnya, BERDASARKAN: [keikhlasan hati, kemulusan, kesungguhan, penuh kesanggupan]})"
"(:Node:ISTILAH_UMUM_RITUAL {name: emas, id: emas, BERWARNA: [kuning]})","[:BERDEWA {raw_relation: BERDEWA, sentence_id: 3757, confidence: LOW}]","(:Node:ENTITAS_KEAGAMAAN {name: dewa mahadewa, id: dewa_mahadewa})"
"(:Node:SARANA_RITUAL {aliases: [eteh-eteh sawa], BERUPA: [bunga, kain kuning untuk saput atau selendang, kain putih untuk bantal berisi pis bolong 11 kepeng, kamben, pangulungan, rantasan kain putih kuning dan kain anyar, sabuk, tapih, tatindih], name: eteh-eteh, id: eteh_eteh})","[:BERUPA {raw_relation: BERUPA, sentence_id: 344, confidence: MED}]","(:Node:SARANA_RITUAL {name: kain putih untuk saput, id: kain_putih_untuk_saput})"
"(:Node:SARANA_RITUAL {aliases: [eteh-eteh sawa], BERUPA: [bunga, kain kuning untuk saput atau selendang, kain putih untuk bantal berisi pis bolong 11 kepeng, kamben, pangulungan, rantasan kain putih kuning dan kain anyar, sabuk, tapih, tatindih], name: eteh-eteh, id: eteh_eteh})","[:BERUPA {raw_relation: BERUPA, sentence_id: 344, confidence: MED}]","(:Node:SARANA_RITUAL {DILETAKKAN_DI: [hulu hati, kedua lutut kaki], BERISI: [lima buah lembaran-lembaran daun sirih, bunga tunjung putih, pusuh bunga cempaka kuning], DIIKAT_DENGAN: [tali benang], DIISI_DENGAN: [bawang putih sebagai lambang kuku di ujungnya], name: kawangen, DIISI: [11 kepeng ditaruh pada setiap persendian/buku-buku, 25 kepeng untuk pebaktian jenazah ditaruh di dada, seolah-olah dipegang oleh tangan jenazah], id: kawangen, MELAMBANGKAN: [tanda doa restu, sikap amusti karana seolah-olah layon ikut sembahyang]})"
"(:Node:SARANA_RITUAL {aliases: [eteh-eteh sawa], BERUPA: [bunga, kain kuning untuk saput atau selendang, kain putih untuk bantal berisi pis bolong 11 kepeng, kamben, pangulungan, rantasan kain putih kuning dan kain anyar, sabuk, tapih, tatindih], name: eteh-eteh, id: eteh_eteh})","[:BERUPA {raw_relation: BERUPA, sentence_id: 344, confidence: MED}]","(:Node:SARANA_RITUAL {name: leluwur, id: leluwur})"
"(:Node:SARANA_RITUAL {aliases: [eteh-eteh sawa], BERUPA: [bunga, kain kuning untuk saput atau selendang, kain putih untuk bantal berisi pis bolong 11 kepeng, kamben, pangulungan, rantasan kain putih kuning dan kain anyar, sabuk, tapih, tatindih], name: eteh-eteh, id: eteh_eteh})","[:BERUPA {raw_relation: BERUPA, sentence_id: 344, confidence: MED}]","(:Node:SARANA_RITUAL {name: samsam, id: samsam})"
"(:Node:SARANA_RITUAL {aliases: [eteh-eteh sawa], BERUPA: [bunga, kain kuning untuk saput atau selendang, kain putih untuk bantal berisi pis bolong 11 kepeng, kamben, pangulungan, rantasan kain putih kuning dan kain anyar, sabuk, tapih, tatindih], name: eteh-eteh, id: eteh_eteh})","[:BERUPA {raw_relation: BERUPA, sentence_id: 344, confidence: MED}]","(:Node:SARANA_RITUAL {name: udeng, id: udeng})"
"(:Node:SARANA_RITUAL {aliases: [eteh-eteh sawa], BERUPA: [bunga, kain kuning untuk saput atau selendang, kain putih untuk bantal berisi pis bolong 11 kepeng, kamben, pangulungan, rantasan kain putih kuning dan kain anyar, sabuk, tapih, tatindih], name: eteh-eteh, id: eteh_eteh})","[:BERUPA {raw_relation: BERUPA, sentence_id: 344, confidence: MED}]","(:Node:SARANA_RITUAL {name: angkeb baga/purus, id: angkeb_baga_purus})"
"(:Node:SARANA_RITUAL {aliases: [eteh-eteh sawa], BERUPA: [bunga, kain kuning untuk saput atau selendang, kain putih untuk bantal berisi pis bolong 11 kepeng, kamben, pangulungan, rantasan kain putih kuning dan kain anyar, sabuk, tapih, tatindih], name: eteh-eteh, id: eteh_eteh})","[:BERUPA {raw_relation: BERUPA, sentence_id: 344, confidence: MED}]","(:Node:SARANA_RITUAL {name: angkeb rai, id: angkeb_rai})"
"(:Node:SARANA_RITUAL {aliases: [eteh-eteh sawa], BERUPA: [bunga, kain kuning untuk saput atau selendang, kain putih untuk bantal berisi pis bolong 11 kepeng, kamben, pangulungan, rantasan kain putih kuning dan kain anyar, sabuk, tapih, tatindih], name: eteh-eteh, id: eteh_eteh})","[:DIMOHONKAN_DARI {raw_relation: DIMOHONKAN_DARI, sentence_id: 344, confidence: MED}]","(:Node:ENTITAS_KEAGAMAAN {name: sulinggih/griya, id: sulinggih_griya})"
"(:Node:ISTILAH_UMUM_RITUAL:Isolated {name: formalin, id: formalin, DIPAKAI_UNTUK: [memperlambat pembusukan selama masa persiapan]})",null,null
"(:Node:ISTILAH_UMUM_RITUAL:Isolated {name: gadarba, id: gadarba})",null,null
"(:Node:SARANA_RITUAL {name: galar dengan ketekan guling, DIGUNAKAN_DENGAN_HARAPAN: [membuat ngantuk dan tidur nyenyak], id: galar_dengan_ketekan_guling})",[:TERMASUK_JENIS],"(:Node:SARANA_RITUAL {aliases: [atas galar], TERDIRI_DARI: [bilah-bilah bambu sebanyak 9 buah], name: galar, id: galar})"
"(:Node:KONSEP_FILOSOFIS {name: ganda, id: ganda})","[:BERASAL_DARI {raw_relation: BERASAL_DARI, sentence_id: 4300, confidence: MED}]","(:Node:KONSEP_FILOSOFIS {name: pretiwi, id: pretiwi})"
"(:Node:KONSEP_FILOSOFIS {name: ganda, id: ganda})","[:KEMBALI_KE {raw_relation: KEMBALI_KE, sentence_id: 4300, confidence: MED}]","(:Node:KONSEP_FILOSOFIS {name: pretiwi, id: pretiwi})"
"(:Node:SARANA_RITUAL:Isolated {name: gedarba, id: gedarba, BERBENTUK: [beruang berwarna hitam]})",null,null
"(:Node:SARANA_RITUAL {name: gegaleng kepala, definition: bantal untuk tidur, id: gegaleng_kepala})",[:TERMASUK_JENIS],"(:Node:SARANA_RITUAL {name: gegaleng, definition: pengganti bantal kapuk yang telah dipakai pada waktu pabersihan hidup, id: gegaleng, DIKENAL_SEBAGAI: [galeng pengerekan], TERBUAT_DARI: [potongan-potongan dahan kayu dapdap yang dibungkus dengan kain putih, uang kepeng (pipis bolong) sebanyak 250 biji]})"
"(:Node:STRUKTUR_SOSIAL_ADAT:Isolated {aliases: [patus], name: gotong royong, id: gotong_royong, BERPERAN_SEBAGAI: [perwujudan rasa kebersamaan yang ada di dada krama]})",null,null
"(:Node:ISTILAH_UMUM_RITUAL:Isolated {DIIKAT_DENGAN: [benang putih], name: gulungan daun sirih, id: gulungan_daun_sirih})",null,null
"(:Node:ISTILAH_UMUM_RITUAL {name: gulungan sirih, id: gulungan_sirih})","[:DIMASUKKAN_KE_DALAM {raw_relation: DIMASUKKAN_KE, sentence_id: 3734, confidence: LOW}]","(:Node:SARANA_RITUAL {name: lubang uang kepeng, id: lubang_uang_kepeng})"
"(:Node:ISTILAH_UMUM_RITUAL {name: hiasan, id: hiasan, TERBUAT_DARI: [daun kelapa muda busung]})","[:TERBUAT_DARI {raw_relation: TERBUAT_DARI, sentence_id: 3800, confidence: MED}]","(:Node:SARANA_RITUAL {name: blangsah, definition: bunga pinang yang belum mekar, id: blangsah})"
"(:Node:ISTILAH_UMUM_RITUAL:Isolated {name: hyang agni, id: hyang_agni})",null,null
"(:Node:ISTILAH_UMUM_RITUAL {name: jarum jaum, id: jarum_jaum})","[:DILETAKKAN_DI {raw_relation: DITARUH_DI, sentence_id: 3760, confidence: LOW}]","(:Node:ISTILAH_UMUM_RITUAL {name: lengan jenazah, id: lengan_jenazah})"
"(:Node:ISTILAH_UMUM_RITUAL {name: jempol jari kaki, id: jempol_jari_kaki})","[:DIIKAT_DENGAN {raw_relation: DIIKAT_DENGAN, sentence_id: 3604, confidence: LOW}]","(:Node:SARANA_RITUAL {name: tali benang tukelan, id: tali_benang_tukelan})"
"(:Node:ISTILAH_UMUM_RITUAL {DILETAKKAN_DI: [balai, balai-balai rumah adat], DIALASI_DENGAN: [daun pisang saba], aliases: [jenazah /pengawak, jenazah atau simbolik, jenazah mendiang, jenazah seseorang, samping jenazah], DIMASUKKAN_KE_DALAM: [kepala terlebih dahulu], DITELENTANGKAN_DI: [pembungkus], DISERTAI: [kekidungan, peti di sampingnya], DIMANDIKAN_DI_ATAS: [balai-balai rumah adat], DIBUNGKUS: [tiga lapis], DIPAKAIKAN: [pakaian putih-putih], DIBERI: [sesisir pisang, pakaian seperti layaknya orang masih hidup], DIKUBUR: [segera], DIPINDAHKAN_DARI: [rumah adat], HARUS_DIBIARKAN: [sebentar sebelum dibuka pakaiannya], MENJADI: [sasaran segala kegiatan], id: jenazah, DIHIAS_SEOLAH_OLAH: [pergi menghadiri undangan atau ke pura], MEMAKAI: [cincin, gelang, kalung], DITUTUP_DENGAN: [kain putih dari ujung kepala hingga ujung kaki], DIGULUNG_DENGAN: [kain yang telah dirajah, tikar], DIUSUNG_KE: [tempat penusangan], DIBERSIHKAN_DARI: [hal-hal yang lain, kotoran-kotoran yang telah lama berada pada badan orang yang meninggal], HARUS_MELALUI: [ujung pepaga/asagan yang di teben barat], DIIKAT_DENGAN: [tali ktekung], DIKERINGKAN_DENGAN: [kain kering], DITUTUPI_DENGAN: [kain putih panjang kira-kira 2 sampai 2,5 meter], MENJALANI: [rangkaian upacara lain sebelum dibawa ke setra jika diaben], name: jenazah, DIBAWA_KE: [tempat pemandian, balai-balai, setra untuk segera dikuburkan bukan diaben], DIANGGAP_SEBAGAI: [orang yang masih hidup], DIBARINGKAN: [balai-balai], MENUJU: [bale dari arah teben menuju luanan/hulu], MEMBUJUR_KE: [kepala di utara atau timur]})","[:BERADA_DI {raw_relation: BERADA_DI, sentence_id: 3904, confidence: HIGH}]","(:Node:SARANA_RITUAL {DILETAKKAN_DI: [halaman rumah], BERFUNGSI_SEBAGAI: [balai-balai alas ngringkes], aliases: [asagan, atas pepaga/asagan, dusa, pepaga atau asagan, pepaga/asagan], name: pepaga, id: pepaga, TERBUAT_DARI: [bambu, hitungan galir, hitungan galur, hitungan likah, hitungan wangke, hitungan wangkong]})"
"(:Node:ISTILAH_UMUM_RITUAL {DILETAKKAN_DI: [balai, balai-balai rumah adat], DIALASI_DENGAN: [daun pisang saba], aliases: [jenazah /pengawak, jenazah atau simbolik, jenazah mendiang, jenazah seseorang, samping jenazah], DIMASUKKAN_KE_DALAM: [kepala terlebih dahulu], DITELENTANGKAN_DI: [pembungkus], DISERTAI: [kekidungan, peti di sampingnya], DIMANDIKAN_DI_ATAS: [balai-balai rumah adat], DIBUNGKUS: [tiga lapis], DIPAKAIKAN: [pakaian putih-putih], DIBERI: [sesisir pisang, pakaian seperti layaknya orang masih hidup], DIKUBUR: [segera], DIPINDAHKAN_DARI: [rumah adat], HARUS_DIBIARKAN: [sebentar sebelum dibuka pakaiannya], MENJADI: [sasaran segala kegiatan], id: jenazah, DIHIAS_SEOLAH_OLAH: [pergi menghadiri undangan atau ke pura], MEMAKAI: [cincin, gelang, kalung], DITUTUP_DENGAN: [kain putih dari ujung kepala hingga ujung kaki], DIGULUNG_DENGAN: [kain yang telah dirajah, tikar], DIUSUNG_KE: [tempat penusangan], DIBERSIHKAN_DARI: [hal-hal yang lain, kotoran-kotoran yang telah lama berada pada badan orang yang meninggal], HARUS_MELALUI: [ujung pepaga/asagan yang di teben barat], DIIKAT_DENGAN: [tali ktekung], DIKERINGKAN_DENGAN: [kain kering], DITUTUPI_DENGAN: [kain putih panjang kira-kira 2 sampai 2,5 meter], MENJALANI: [rangkaian upacara lain sebelum dibawa ke setra jika diaben], name: jenazah, DIBAWA_KE: [tempat pemandian, balai-balai, setra untuk segera dikuburkan bukan diaben], DIANGGAP_SEBAGAI: [orang yang masih hidup], DIBARINGKAN: [balai-balai], MENUJU: [bale dari arah teben menuju luanan/hulu], MEMBUJUR_KE: [kepala di utara atau timur]})","[:BERADA_DI {raw_relation: DIBAWA_KE, sentence_id: 376, confidence: HIGH}]","(:Node:BANGUNAN_RITUAL {aliases: [sebuah setra], name: setra, id: setra})"
"(:Node:ISTILAH_UMUM_RITUAL {DILETAKKAN_DI: [balai, balai-balai rumah adat], DIALASI_DENGAN: [daun pisang saba], aliases: [jenazah /pengawak, jenazah atau simbolik, jenazah mendiang, jenazah seseorang, samping jenazah], DIMASUKKAN_KE_DALAM: [kepala terlebih dahulu], DITELENTANGKAN_DI: [pembungkus], DISERTAI: [kekidungan, peti di sampingnya], DIMANDIKAN_DI_ATAS: [balai-balai rumah adat], DIBUNGKUS: [tiga lapis], DIPAKAIKAN: [pakaian putih-putih], DIBERI: [sesisir pisang, pakaian seperti layaknya orang masih hidup], DIKUBUR: [segera], DIPINDAHKAN_DARI: [rumah adat], HARUS_DIBIARKAN: [sebentar sebelum dibuka pakaiannya], MENJADI: [sasaran segala kegiatan], id: jenazah, DIHIAS_SEOLAH_OLAH: [pergi menghadiri undangan atau ke pura], MEMAKAI: [cincin, gelang, kalung], DITUTUP_DENGAN: [kain putih dari ujung kepala hingga ujung kaki], DIGULUNG_DENGAN: [kain yang telah dirajah, tikar], DIUSUNG_KE: [tempat penusangan], DIBERSIHKAN_DARI: [hal-hal yang lain, kotoran-kotoran yang telah lama berada pada badan orang yang meninggal], HARUS_MELALUI: [ujung pepaga/asagan yang di teben barat], DIIKAT_DENGAN: [tali ktekung], DIKERINGKAN_DENGAN: [kain kering], DITUTUPI_DENGAN: [kain putih panjang kira-kira 2 sampai 2,5 meter], MENJALANI: [rangkaian upacara lain sebelum dibawa ke setra jika diaben], name: jenazah, DIBAWA_KE: [tempat pemandian, balai-balai, setra untuk segera dikuburkan bukan diaben], DIANGGAP_SEBAGAI: [orang yang masih hidup], DIBARINGKAN: [balai-balai], MENUJU: [bale dari arah teben menuju luanan/hulu], MEMBUJUR_KE: [kepala di utara atau timur]})","[:BERADA_DI {raw_relation: DIBAWA_KE, sentence_id: 3868, confidence: MED}]","(:Node:ISTILAH_UMUM_RITUAL {name: bale tempat jenazah, id: bale_tempat_jenazah})"
"(:Node:ISTILAH_UMUM_RITUAL {DILETAKKAN_DI: [balai, balai-balai rumah adat], DIALASI_DENGAN: [daun pisang saba], aliases: [jenazah /pengawak, jenazah atau simbolik, jenazah mendiang, jenazah seseorang, samping jenazah], DIMASUKKAN_KE_DALAM: [kepala terlebih dahulu], DITELENTANGKAN_DI: [pembungkus], DISERTAI: [kekidungan, peti di sampingnya], DIMANDIKAN_DI_ATAS: [balai-balai rumah adat], DIBUNGKUS: [tiga lapis], DIPAKAIKAN: [pakaian putih-putih], DIBERI: [sesisir pisang, pakaian seperti layaknya orang masih hidup], DIKUBUR: [segera], DIPINDAHKAN_DARI: [rumah adat], HARUS_DIBIARKAN: [sebentar sebelum dibuka pakaiannya], MENJADI: [sasaran segala kegiatan], id: jenazah, DIHIAS_SEOLAH_OLAH: [pergi menghadiri undangan atau ke pura], MEMAKAI: [cincin, gelang, kalung], DITUTUP_DENGAN: [kain putih dari ujung kepala hingga ujung kaki], DIGULUNG_DENGAN: [kain yang telah dirajah, tikar], DIUSUNG_KE: [tempat penusangan], DIBERSIHKAN_DARI: [hal-hal yang lain, kotoran-kotoran yang telah lama berada pada badan orang yang meninggal], HARUS_MELALUI: [ujung pepaga/asagan yang di teben barat], DIIKAT_DENGAN: [tali ktekung], DIKERINGKAN_DENGAN: [kain kering], DITUTUPI_DENGAN: [kain putih panjang kira-kira 2 sampai 2,5 meter], MENJALANI: [rangkaian upacara lain sebelum dibawa ke setra jika diaben], name: jenazah, DIBAWA_KE: [tempat pemandian, balai-balai, setra untuk segera dikuburkan bukan diaben], DIANGGAP_SEBAGAI: [orang yang masih hidup], DIBARINGKAN: [balai-balai], MENUJU: [bale dari arah teben menuju luanan/hulu], MEMBUJUR_KE: [kepala di utara atau timur]})","[:DIAKHIRI_DENGAN {raw_relation: DIAKHIRI_DENGAN, sentence_id: 370, confidence: MED}]","(:Node:SARANA_RITUAL {name: lante bambu, id: lante_bambu})"
"(:Node:ISTILAH_UMUM_RITUAL {DILETAKKAN_DI: [balai, balai-balai rumah adat], DIALASI_DENGAN: [daun pisang saba], aliases: [jenazah /pengawak, jenazah atau simbolik, jenazah mendiang, jenazah seseorang, samping jenazah], DIMASUKKAN_KE_DALAM: [kepala terlebih dahulu], DITELENTANGKAN_DI: [pembungkus], DISERTAI: [kekidungan, peti di sampingnya], DIMANDIKAN_DI_ATAS: [balai-balai rumah adat], DIBUNGKUS: [tiga lapis], DIPAKAIKAN: [pakaian putih-putih], DIBERI: [sesisir pisang, pakaian seperti layaknya orang masih hidup], DIKUBUR: [segera], DIPINDAHKAN_DARI: [rumah adat], HARUS_DIBIARKAN: [sebentar sebelum dibuka pakaiannya], MENJADI: [sasaran segala kegiatan], id: jenazah, DIHIAS_SEOLAH_OLAH: [pergi menghadiri undangan atau ke pura], MEMAKAI: [cincin, gelang, kalung], DITUTUP_DENGAN: [kain putih dari ujung kepala hingga ujung kaki], DIGULUNG_DENGAN: [kain yang telah dirajah, tikar], DIUSUNG_KE: [tempat penusangan], DIBERSIHKAN_DARI: [hal-hal yang lain, kotoran-kotoran yang telah lama berada pada badan orang yang meninggal], HARUS_MELALUI: [ujung pepaga/asagan yang di teben barat], DIIKAT_DENGAN: [tali ktekung], DIKERINGKAN_DENGAN: [kain kering], DITUTUPI_DENGAN: [kain putih panjang kira-kira 2 sampai 2,5 meter], MENJALANI: [rangkaian upacara lain sebelum dibawa ke setra jika diaben], name: jenazah, DIBAWA_KE: [tempat pemandian, balai-balai, setra untuk segera dikuburkan bukan diaben], DIANGGAP_SEBAGAI: [orang yang masih hidup], DIBARINGKAN: [balai-balai], MENUJU: [bale dari arah teben menuju luanan/hulu], MEMBUJUR_KE: [kepala di utara atau timur]})","[:DIKENAL_SEBAGAI {raw_relation: DIKENAL_SEBAGAI, sentence_id: 1123, confidence: HIGH}]","(:Node:RITUAL_KEMATIAN {name: masekeh, id: masekeh})"
"(:Node:ISTILAH_UMUM_RITUAL {DILETAKKAN_DI: [balai, balai-balai rumah adat], DIALASI_DENGAN: [daun pisang saba], aliases: [jenazah /pengawak, jenazah atau simbolik, jenazah mendiang, jenazah seseorang, samping jenazah], DIMASUKKAN_KE_DALAM: [kepala terlebih dahulu], DITELENTANGKAN_DI: [pembungkus], DISERTAI: [kekidungan, peti di sampingnya], DIMANDIKAN_DI_ATAS: [balai-balai rumah adat], DIBUNGKUS: [tiga lapis], DIPAKAIKAN: [pakaian putih-putih], DIBERI: [sesisir pisang, pakaian seperti layaknya orang masih hidup], DIKUBUR: [segera], DIPINDAHKAN_DARI: [rumah adat], HARUS_DIBIARKAN: [sebentar sebelum dibuka pakaiannya], MENJADI: [sasaran segala kegiatan], id: jenazah, DIHIAS_SEOLAH_OLAH: [pergi menghadiri undangan atau ke pura], MEMAKAI: [cincin, gelang, kalung], DITUTUP_DENGAN: [kain putih dari ujung kepala hingga ujung kaki], DIGULUNG_DENGAN: [kain yang telah dirajah, tikar], DIUSUNG_KE: [tempat penusangan], DIBERSIHKAN_DARI: [hal-hal yang lain, kotoran-kotoran yang telah lama berada pada badan orang yang meninggal], HARUS_MELALUI: [ujung pepaga/asagan yang di teben barat], DIIKAT_DENGAN: [tali ktekung], DIKERINGKAN_DENGAN: [kain kering], DITUTUPI_DENGAN: [kain putih panjang kira-kira 2 sampai 2,5 meter], MENJALANI: [rangkaian upacara lain sebelum dibawa ke setra jika diaben], name: jenazah, DIBAWA_KE: [tempat pemandian, balai-balai, setra untuk segera dikuburkan bukan diaben], DIANGGAP_SEBAGAI: [orang yang masih hidup], DIBARINGKAN: [balai-balai], MENUJU: [bale dari arah teben menuju luanan/hulu], MEMBUJUR_KE: [kepala di utara atau timur]})","[:DILETAKKAN_DI {raw_relation: DITARUH, sentence_id: 3363, confidence: HIGH}]","(:Node:SARANA_RITUAL {DILETAKKAN_DI: [halaman rumah], BERFUNGSI_SEBAGAI: [balai-balai alas ngringkes], aliases: [asagan, atas pepaga/asagan, dusa, pepaga atau asagan, pepaga/asagan], name: pepaga, id: pepaga, TERBUAT_DARI: [bambu, hitungan galir, hitungan galur, hitungan likah, hitungan wangke, hitungan wangkong]})"
"(:Node:ISTILAH_UMUM_RITUAL {DILETAKKAN_DI: [balai, balai-balai rumah adat], DIALASI_DENGAN: [daun pisang saba], aliases: [jenazah /pengawak, jenazah atau simbolik, jenazah mendiang, jenazah seseorang, samping jenazah], DIMASUKKAN_KE_DALAM: [kepala terlebih dahulu], DITELENTANGKAN_DI: [pembungkus], DISERTAI: [kekidungan, peti di sampingnya], DIMANDIKAN_DI_ATAS: [balai-balai rumah adat], DIBUNGKUS: [tiga lapis], DIPAKAIKAN: [pakaian putih-putih], DIBERI: [sesisir pisang, pakaian seperti layaknya orang masih hidup], DIKUBUR: [segera], DIPINDAHKAN_DARI: [rumah adat], HARUS_DIBIARKAN: [sebentar sebelum dibuka pakaiannya], MENJADI: [sasaran segala kegiatan], id: jenazah, DIHIAS_SEOLAH_OLAH: [pergi menghadiri undangan atau ke pura], MEMAKAI: [cincin, gelang, kalung], DITUTUP_DENGAN: [kain putih dari ujung kepala hingga ujung kaki], DIGULUNG_DENGAN: [kain yang telah dirajah, tikar], DIUSUNG_KE: [tempat penusangan], DIBERSIHKAN_DARI: [hal-hal yang lain, kotoran-kotoran yang telah lama berada pada badan orang yang meninggal], HARUS_MELALUI: [ujung pepaga/asagan yang di teben barat], DIIKAT_DENGAN: [tali ktekung], DIKERINGKAN_DENGAN: [kain kering], DITUTUPI_DENGAN: [kain putih panjang kira-kira 2 sampai 2,5 meter], MENJALANI: [rangkaian upacara lain sebelum dibawa ke setra jika diaben], name: jenazah, DIBAWA_KE: [tempat pemandian, balai-balai, setra untuk segera dikuburkan bukan diaben], DIANGGAP_SEBAGAI: [orang yang masih hidup], DIBARINGKAN: [balai-balai], MENUJU: [bale dari arah teben menuju luanan/hulu], MEMBUJUR_KE: [kepala di utara atau timur]})","[:DILETAKKAN_DI {raw_relation: DILETAKKAN_DI, sentence_id: 2337, confidence: MED}]","(:Node:SARANA_RITUAL {name: balai-balai bade, id: balai_balai_bade})"
"(:Node:ISTILAH_UMUM_RITUAL {DILETAKKAN_DI: [balai, balai-balai rumah adat], DIALASI_DENGAN: [daun pisang saba], aliases: [jenazah /pengawak, jenazah atau simbolik, jenazah mendiang, jenazah seseorang, samping jenazah], DIMASUKKAN_KE_DALAM: [kepala terlebih dahulu], DITELENTANGKAN_DI: [pembungkus], DISERTAI: [kekidungan, peti di sampingnya], DIMANDIKAN_DI_ATAS: [balai-balai rumah adat], DIBUNGKUS: [tiga lapis], DIPAKAIKAN: [pakaian putih-putih], DIBERI: [sesisir pisang, pakaian seperti layaknya orang masih hidup], DIKUBUR: [segera], DIPINDAHKAN_DARI: [rumah adat], HARUS_DIBIARKAN: [sebentar sebelum dibuka pakaiannya], MENJADI: [sasaran segala kegiatan], id: jenazah, DIHIAS_SEOLAH_OLAH: [pergi menghadiri undangan atau ke pura], MEMAKAI: [cincin, gelang, kalung], DITUTUP_DENGAN: [kain putih dari ujung kepala hingga ujung kaki], DIGULUNG_DENGAN: [kain yang telah dirajah, tikar], DIUSUNG_KE: [tempat penusangan], DIBERSIHKAN_DARI: [hal-hal yang lain, kotoran-kotoran yang telah lama berada pada badan orang yang meninggal], HARUS_MELALUI: [ujung pepaga/asagan yang di teben barat], DIIKAT_DENGAN: [tali ktekung], DIKERINGKAN_DENGAN: [kain kering], DITUTUPI_DENGAN: [kain putih panjang kira-kira 2 sampai 2,5 meter], MENJALANI: [rangkaian upacara lain sebelum dibawa ke setra jika diaben], name: jenazah, DIBAWA_KE: [tempat pemandian, balai-balai, setra untuk segera dikuburkan bukan diaben], DIANGGAP_SEBAGAI: [orang yang masih hidup], DIBARINGKAN: [balai-balai], MENUJU: [bale dari arah teben menuju luanan/hulu], MEMBUJUR_KE: [kepala di utara atau timur]})","[:DILETAKKAN_DI {raw_relation: DILETAKKAN_DI, sentence_id: 1034, confidence: HIGH}]","(:Node:BANGUNAN_RITUAL {name: bale adat, id: bale_adat})"
"(:Node:ISTILAH_UMUM_RITUAL {DILETAKKAN_DI: [balai, balai-balai rumah adat], DIALASI_DENGAN: [daun pisang saba], aliases: [jenazah /pengawak, jenazah atau simbolik, jenazah mendiang, jenazah seseorang, samping jenazah], DIMASUKKAN_KE_DALAM: [kepala terlebih dahulu], DITELENTANGKAN_DI: [pembungkus], DISERTAI: [kekidungan, peti di sampingnya], DIMANDIKAN_DI_ATAS: [balai-balai rumah adat], DIBUNGKUS: [tiga lapis], DIPAKAIKAN: [pakaian putih-putih], DIBERI: [sesisir pisang, pakaian seperti layaknya orang masih hidup], DIKUBUR: [segera], DIPINDAHKAN_DARI: [rumah adat], HARUS_DIBIARKAN: [sebentar sebelum dibuka pakaiannya], MENJADI: [sasaran segala kegiatan], id: jenazah, DIHIAS_SEOLAH_OLAH: [pergi menghadiri undangan atau ke pura], MEMAKAI: [cincin, gelang, kalung], DITUTUP_DENGAN: [kain putih dari ujung kepala hingga ujung kaki], DIGULUNG_DENGAN: [kain yang telah dirajah, tikar], DIUSUNG_KE: [tempat penusangan], DIBERSIHKAN_DARI: [hal-hal yang lain, kotoran-kotoran yang telah lama berada pada badan orang yang meninggal], HARUS_MELALUI: [ujung pepaga/asagan yang di teben barat], DIIKAT_DENGAN: [tali ktekung], DIKERINGKAN_DENGAN: [kain kering], DITUTUPI_DENGAN: [kain putih panjang kira-kira 2 sampai 2,5 meter], MENJALANI: [rangkaian upacara lain sebelum dibawa ke setra jika diaben], name: jenazah, DIBAWA_KE: [tempat pemandian, balai-balai, setra untuk segera dikuburkan bukan diaben], DIANGGAP_SEBAGAI: [orang yang masih hidup], DIBARINGKAN: [balai-balai], MENUJU: [bale dari arah teben menuju luanan/hulu], MEMBUJUR_KE: [kepala di utara atau timur]})","[:DINAIKKAN_KE {raw_relation: DINAIKKAN_KE, sentence_id: 217, confidence: MED}]","(:Node:SARANA_RITUAL {name: usungan, id: usungan})"
"(:Node:ISTILAH_UMUM_RITUAL {DILETAKKAN_DI: [balai, balai-balai rumah adat], DIALASI_DENGAN: [daun pisang saba], aliases: [jenazah /pengawak, jenazah atau simbolik, jenazah mendiang, jenazah seseorang, samping jenazah], DIMASUKKAN_KE_DALAM: [kepala terlebih dahulu], DITELENTANGKAN_DI: [pembungkus], DISERTAI: [kekidungan, peti di sampingnya], DIMANDIKAN_DI_ATAS: [balai-balai rumah adat], DIBUNGKUS: [tiga lapis], DIPAKAIKAN: [pakaian putih-putih], DIBERI: [sesisir pisang, pakaian seperti layaknya orang masih hidup], DIKUBUR: [segera], DIPINDAHKAN_DARI: [rumah adat], HARUS_DIBIARKAN: [sebentar sebelum dibuka pakaiannya], MENJADI: [sasaran segala kegiatan], id: jenazah, DIHIAS_SEOLAH_OLAH: [pergi menghadiri undangan atau ke pura], MEMAKAI: [cincin, gelang, kalung], DITUTUP_DENGAN: [kain putih dari ujung kepala hingga ujung kaki], DIGULUNG_DENGAN: [kain yang telah dirajah, tikar], DIUSUNG_KE: [tempat penusangan], DIBERSIHKAN_DARI: [hal-hal yang lain, kotoran-kotoran yang telah lama berada pada badan orang yang meninggal], HARUS_MELALUI: [ujung pepaga/asagan yang di teben barat], DIIKAT_DENGAN: [tali ktekung], DIKERINGKAN_DENGAN: [kain kering], DITUTUPI_DENGAN: [kain putih panjang kira-kira 2 sampai 2,5 meter], MENJALANI: [rangkaian upacara lain sebelum dibawa ke setra jika diaben], name: jenazah, DIBAWA_KE: [tempat pemandian, balai-balai, setra untuk segera dikuburkan bukan diaben], DIANGGAP_SEBAGAI: [orang yang masih hidup], DIBARINGKAN: [balai-balai], MENUJU: [bale dari arah teben menuju luanan/hulu], MEMBUJUR_KE: [kepala di utara atau timur]})","[:DIBAWA_KE {raw_relation: DIBAWA_KE, sentence_id: 1603, confidence: MED}]","(:Node:BANGUNAN_RITUAL {name: setra tempat pembakaran, id: setra_tempat_pembakaran})"
"(:Node:ISTILAH_UMUM_RITUAL {DILETAKKAN_DI: [balai, balai-balai rumah adat], DIALASI_DENGAN: [daun pisang saba], aliases: [jenazah /pengawak, jenazah atau simbolik, jenazah mendiang, jenazah seseorang, samping jenazah], DIMASUKKAN_KE_DALAM: [kepala terlebih dahulu], DITELENTANGKAN_DI: [pembungkus], DISERTAI: [kekidungan, peti di sampingnya], DIMANDIKAN_DI_ATAS: [balai-balai rumah adat], DIBUNGKUS: [tiga lapis], DIPAKAIKAN: [pakaian putih-putih], DIBERI: [sesisir pisang, pakaian seperti layaknya orang masih hidup], DIKUBUR: [segera], DIPINDAHKAN_DARI: [rumah adat], HARUS_DIBIARKAN: [sebentar sebelum dibuka pakaiannya], MENJADI: [sasaran segala kegiatan], id: jenazah, DIHIAS_SEOLAH_OLAH: [pergi menghadiri undangan atau ke pura], MEMAKAI: [cincin, gelang, kalung], DITUTUP_DENGAN: [kain putih dari ujung kepala hingga ujung kaki], DIGULUNG_DENGAN: [kain yang telah dirajah, tikar], DIUSUNG_KE: [tempat penusangan], DIBERSIHKAN_DARI: [hal-hal yang lain, kotoran-kotoran yang telah lama berada pada badan orang yang meninggal], HARUS_MELALUI: [ujung pepaga/asagan yang di teben barat], DIIKAT_DENGAN: [tali ktekung], DIKERINGKAN_DENGAN: [kain kering], DITUTUPI_DENGAN: [kain putih panjang kira-kira 2 sampai 2,5 meter], MENJALANI: [rangkaian upacara lain sebelum dibawa ke setra jika diaben], name: jenazah, DIBAWA_KE: [tempat pemandian, balai-balai, setra untuk segera dikuburkan bukan diaben], DIANGGAP_SEBAGAI: [orang yang masih hidup], DIBARINGKAN: [balai-balai], MENUJU: [bale dari arah teben menuju luanan/hulu], MEMBUJUR_KE: [kepala di utara atau timur]})","[:DIBAWA_KE {raw_relation: DIBAWA_KE, sentence_id: 3906, confidence: MED}]","(:Node:ISTILAH_UMUM_RITUAL {name: balai-balai tempat jenazah, id: balai_balai_tempat_jenazah})"
"(:Node:ISTILAH_UMUM_RITUAL {DILETAKKAN_DI: [balai, balai-balai rumah adat], DIALASI_DENGAN: [daun pisang saba], aliases: [jenazah /pengawak, jenazah atau simbolik, jenazah mendiang, jenazah seseorang, samping jenazah], DIMASUKKAN_KE_DALAM: [kepala terlebih dahulu], DITELENTANGKAN_DI: [pembungkus], DISERTAI: [kekidungan, peti di sampingnya], DIMANDIKAN_DI_ATAS: [balai-balai rumah adat], DIBUNGKUS: [tiga lapis], DIPAKAIKAN: [pakaian putih-putih], DIBERI: [sesisir pisang, pakaian seperti layaknya orang masih hidup], DIKUBUR: [segera], DIPINDAHKAN_DARI: [rumah adat], HARUS_DIBIARKAN: [sebentar sebelum dibuka pakaiannya], MENJADI: [sasaran segala kegiatan], id: jenazah, DIHIAS_SEOLAH_OLAH: [pergi menghadiri undangan atau ke pura], MEMAKAI: [cincin, gelang, kalung], DITUTUP_DENGAN: [kain putih dari ujung kepala hingga ujung kaki], DIGULUNG_DENGAN: [kain yang telah dirajah, tikar], DIUSUNG_KE: [tempat penusangan], DIBERSIHKAN_DARI: [hal-hal yang lain, kotoran-kotoran yang telah lama berada pada badan orang yang meninggal], HARUS_MELALUI: [ujung pepaga/asagan yang di teben barat], DIIKAT_DENGAN: [tali ktekung], DIKERINGKAN_DENGAN: [kain kering], DITUTUPI_DENGAN: [kain putih panjang kira-kira 2 sampai 2,5 meter], MENJALANI: [rangkaian upacara lain sebelum dibawa ke setra jika diaben], name: jenazah, DIBAWA_KE: [tempat pemandian, balai-balai, setra untuk segera dikuburkan bukan diaben], DIANGGAP_SEBAGAI: [orang yang masih hidup], DIBARINGKAN: [balai-balai], MENUJU: [bale dari arah teben menuju luanan/hulu], MEMBUJUR_KE: [kepala di utara atau timur]})","[:DIPASANG {raw_relation: DIPASANG, sentence_id: 370, confidence: MED}]","(:Node:SARANA_RITUAL {name: itik-itik, id: itik_itik, DIPASANG_PADA: [ibu jari tangan dan kaki]})"
"(:Node:ISTILAH_UMUM_RITUAL {DILETAKKAN_DI: [balai, balai-balai rumah adat], DIALASI_DENGAN: [daun pisang saba], aliases: [jenazah /pengawak, jenazah atau simbolik, jenazah mendiang, jenazah seseorang, samping jenazah], DIMASUKKAN_KE_DALAM: [kepala terlebih dahulu], DITELENTANGKAN_DI: [pembungkus], DISERTAI: [kekidungan, peti di sampingnya], DIMANDIKAN_DI_ATAS: [balai-balai rumah adat], DIBUNGKUS: [tiga lapis], DIPAKAIKAN: [pakaian putih-putih], DIBERI: [sesisir pisang, pakaian seperti layaknya orang masih hidup], DIKUBUR: [segera], DIPINDAHKAN_DARI: [rumah adat], HARUS_DIBIARKAN: [sebentar sebelum dibuka pakaiannya], MENJADI: [sasaran segala kegiatan], id: jenazah, DIHIAS_SEOLAH_OLAH: [pergi menghadiri undangan atau ke pura], MEMAKAI: [cincin, gelang, kalung], DITUTUP_DENGAN: [kain putih dari ujung kepala hingga ujung kaki], DIGULUNG_DENGAN: [kain yang telah dirajah, tikar], DIUSUNG_KE: [tempat penusangan], DIBERSIHKAN_DARI: [hal-hal yang lain, kotoran-kotoran yang telah lama berada pada badan orang yang meninggal], HARUS_MELALUI: [ujung pepaga/asagan yang di teben barat], DIIKAT_DENGAN: [tali ktekung], DIKERINGKAN_DENGAN: [kain kering], DITUTUPI_DENGAN: [kain putih panjang kira-kira 2 sampai 2,5 meter], MENJALANI: [rangkaian upacara lain sebelum dibawa ke setra jika diaben], name: jenazah, DIBAWA_KE: [tempat pemandian, balai-balai, setra untuk segera dikuburkan bukan diaben], DIANGGAP_SEBAGAI: [orang yang masih hidup], DIBARINGKAN: [balai-balai], MENUJU: [bale dari arah teben menuju luanan/hulu], MEMBUJUR_KE: [kepala di utara atau timur]})","[:DIMASUKKAN_KE_DALAM {raw_relation: DIMASUKKAN_KE_DALAM, sentence_id: 370, confidence: MED}]","(:Node:SARANA_RITUAL {name: slepa/peti, id: slepa_peti})"
"(:Node:ISTILAH_UMUM_RITUAL {DILETAKKAN_DI: [balai, balai-balai rumah adat], DIALASI_DENGAN: [daun pisang saba], aliases: [jenazah /pengawak, jenazah atau simbolik, jenazah mendiang, jenazah seseorang, samping jenazah], DIMASUKKAN_KE_DALAM: [kepala terlebih dahulu], DITELENTANGKAN_DI: [pembungkus], DISERTAI: [kekidungan, peti di sampingnya], DIMANDIKAN_DI_ATAS: [balai-balai rumah adat], DIBUNGKUS: [tiga lapis], DIPAKAIKAN: [pakaian putih-putih], DIBERI: [sesisir pisang, pakaian seperti layaknya orang masih hidup], DIKUBUR: [segera], DIPINDAHKAN_DARI: [rumah adat], HARUS_DIBIARKAN: [sebentar sebelum dibuka pakaiannya], MENJADI: [sasaran segala kegiatan], id: jenazah, DIHIAS_SEOLAH_OLAH: [pergi menghadiri undangan atau ke pura], MEMAKAI: [cincin, gelang, kalung], DITUTUP_DENGAN: [kain putih dari ujung kepala hingga ujung kaki], DIGULUNG_DENGAN: [kain yang telah dirajah, tikar], DIUSUNG_KE: [tempat penusangan], DIBERSIHKAN_DARI: [hal-hal yang lain, kotoran-kotoran yang telah lama berada pada badan orang yang meninggal], HARUS_MELALUI: [ujung pepaga/asagan yang di teben barat], DIIKAT_DENGAN: [tali ktekung], DIKERINGKAN_DENGAN: [kain kering], DITUTUPI_DENGAN: [kain putih panjang kira-kira 2 sampai 2,5 meter], MENJALANI: [rangkaian upacara lain sebelum dibawa ke setra jika diaben], name: jenazah, DIBAWA_KE: [tempat pemandian, balai-balai, setra untuk segera dikuburkan bukan diaben], DIANGGAP_SEBAGAI: [orang yang masih hidup], DIBARINGKAN: [balai-balai], MENUJU: [bale dari arah teben menuju luanan/hulu], MEMBUJUR_KE: [kepala di utara atau timur]})","[:DIBUNGKUS_DENGAN {raw_relation: DIBUNGKUS_DENGAN, sentence_id: 3791, confidence: HIGH}]","(:Node:SARANA_RITUAL {name: kain putih, id: kain_putih})"
"(:Node:ISTILAH_UMUM_RITUAL {DILETAKKAN_DI: [balai, balai-balai rumah adat], DIALASI_DENGAN: [daun pisang saba], aliases: [jenazah /pengawak, jenazah atau simbolik, jenazah mendiang, jenazah seseorang, samping jenazah], DIMASUKKAN_KE_DALAM: [kepala terlebih dahulu], DITELENTANGKAN_DI: [pembungkus], DISERTAI: [kekidungan, peti di sampingnya], DIMANDIKAN_DI_ATAS: [balai-balai rumah adat], DIBUNGKUS: [tiga lapis], DIPAKAIKAN: [pakaian putih-putih], DIBERI: [sesisir pisang, pakaian seperti layaknya orang masih hidup], DIKUBUR: [segera], DIPINDAHKAN_DARI: [rumah adat], HARUS_DIBIARKAN: [sebentar sebelum dibuka pakaiannya], MENJADI: [sasaran segala kegiatan], id: jenazah, DIHIAS_SEOLAH_OLAH: [pergi menghadiri undangan atau ke pura], MEMAKAI: [cincin, gelang, kalung], DITUTUP_DENGAN: [kain putih dari ujung kepala hingga ujung kaki], DIGULUNG_DENGAN: [kain yang telah dirajah, tikar], DIUSUNG_KE: [tempat penusangan], DIBERSIHKAN_DARI: [hal-hal yang lain, kotoran-kotoran yang telah lama berada pada badan orang yang meninggal], HARUS_MELALUI: [ujung pepaga/asagan yang di teben barat], DIIKAT_DENGAN: [tali ktekung], DIKERINGKAN_DENGAN: [kain kering], DITUTUPI_DENGAN: [kain putih panjang kira-kira 2 sampai 2,5 meter], MENJALANI: [rangkaian upacara lain sebelum dibawa ke setra jika diaben], name: jenazah, DIBAWA_KE: [tempat pemandian, balai-balai, setra untuk segera dikuburkan bukan diaben], DIANGGAP_SEBAGAI: [orang yang masih hidup], DIBARINGKAN: [balai-balai], MENUJU: [bale dari arah teben menuju luanan/hulu], MEMBUJUR_KE: [kepala di utara atau timur]})","[:DIBERI {raw_relation: DIBERI, sentence_id: 1034, confidence: HIGH}]","(:Node:SARANA_RITUAL {name: langse, id: langse})"
"(:Node:ISTILAH_UMUM_RITUAL {DILETAKKAN_DI: [balai, balai-balai rumah adat], DIALASI_DENGAN: [daun pisang saba], aliases: [jenazah /pengawak, jenazah atau simbolik, jenazah mendiang, jenazah seseorang, samping jenazah], DIMASUKKAN_KE_DALAM: [kepala terlebih dahulu], DITELENTANGKAN_DI: [pembungkus], DISERTAI: [kekidungan, peti di sampingnya], DIMANDIKAN_DI_ATAS: [balai-balai rumah adat], DIBUNGKUS: [tiga lapis], DIPAKAIKAN: [pakaian putih-putih], DIBERI: [sesisir pisang, pakaian seperti layaknya orang masih hidup], DIKUBUR: [segera], DIPINDAHKAN_DARI: [rumah adat], HARUS_DIBIARKAN: [sebentar sebelum dibuka pakaiannya], MENJADI: [sasaran segala kegiatan], id: jenazah, DIHIAS_SEOLAH_OLAH: [pergi menghadiri undangan atau ke pura], MEMAKAI: [cincin, gelang, kalung], DITUTUP_DENGAN: [kain putih dari ujung kepala hingga ujung kaki], DIGULUNG_DENGAN: [kain yang telah dirajah, tikar], DIUSUNG_KE: [tempat penusangan], DIBERSIHKAN_DARI: [hal-hal yang lain, kotoran-kotoran yang telah lama berada pada badan orang yang meninggal], HARUS_MELALUI: [ujung pepaga/asagan yang di teben barat], DIIKAT_DENGAN: [tali ktekung], DIKERINGKAN_DENGAN: [kain kering], DITUTUPI_DENGAN: [kain putih panjang kira-kira 2 sampai 2,5 meter], MENJALANI: [rangkaian upacara lain sebelum dibawa ke setra jika diaben], name: jenazah, DIBAWA_KE: [tempat pemandian, balai-balai, setra untuk segera dikuburkan bukan diaben], DIANGGAP_SEBAGAI: [orang yang masih hidup], DIBARINGKAN: [balai-balai], MENUJU: [bale dari arah teben menuju luanan/hulu], MEMBUJUR_KE: [kepala di utara atau timur]})","[:DITURUNKAN_DI {raw_relation: DITURUNKAN_DI, sentence_id: 2040, confidence: MED}]","(:Node:BANGUNAN_RITUAL {name: kuburan, DIBONGKAR: [untuk mengambil tulang belulang], id: kuburan})"
"(:Node:ISTILAH_UMUM_RITUAL {DILETAKKAN_DI: [balai, balai-balai rumah adat], DIALASI_DENGAN: [daun pisang saba], aliases: [jenazah /pengawak, jenazah atau simbolik, jenazah mendiang, jenazah seseorang, samping jenazah], DIMASUKKAN_KE_DALAM: [kepala terlebih dahulu], DITELENTANGKAN_DI: [pembungkus], DISERTAI: [kekidungan, peti di sampingnya], DIMANDIKAN_DI_ATAS: [balai-balai rumah adat], DIBUNGKUS: [tiga lapis], DIPAKAIKAN: [pakaian putih-putih], DIBERI: [sesisir pisang, pakaian seperti layaknya orang masih hidup], DIKUBUR: [segera], DIPINDAHKAN_DARI: [rumah adat], HARUS_DIBIARKAN: [sebentar sebelum dibuka pakaiannya], MENJADI: [sasaran segala kegiatan], id: jenazah, DIHIAS_SEOLAH_OLAH: [pergi menghadiri undangan atau ke pura], MEMAKAI: [cincin, gelang, kalung], DITUTUP_DENGAN: [kain putih dari ujung kepala hingga ujung kaki], DIGULUNG_DENGAN: [kain yang telah dirajah, tikar], DIUSUNG_KE: [tempat penusangan], DIBERSIHKAN_DARI: [hal-hal yang lain, kotoran-kotoran yang telah lama berada pada badan orang yang meninggal], HARUS_MELALUI: [ujung pepaga/asagan yang di teben barat], DIIKAT_DENGAN: [tali ktekung], DIKERINGKAN_DENGAN: [kain kering], DITUTUPI_DENGAN: [kain putih panjang kira-kira 2 sampai 2,5 meter], MENJALANI: [rangkaian upacara lain sebelum dibawa ke setra jika diaben], name: jenazah, DIBAWA_KE: [tempat pemandian, balai-balai, setra untuk segera dikuburkan bukan diaben], DIANGGAP_SEBAGAI: [orang yang masih hidup], DIBARINGKAN: [balai-balai], MENUJU: [bale dari arah teben menuju luanan/hulu], MEMBUJUR_KE: [kepala di utara atau timur]})","[:TERTANAM_TITIP_DI {raw_relation: TERTANAM_TITIP_DI, sentence_id: 2234, confidence: MED}]","(:Node:BANGUNAN_RITUAL {aliases: [sebuah setra], name: setra, id: setra})"
"(:Node:ISTILAH_UMUM_RITUAL {DILETAKKAN_DI: [balai, balai-balai rumah adat], DIALASI_DENGAN: [daun pisang saba], aliases: [jenazah /pengawak, jenazah atau simbolik, jenazah mendiang, jenazah seseorang, samping jenazah], DIMASUKKAN_KE_DALAM: [kepala terlebih dahulu], DITELENTANGKAN_DI: [pembungkus], DISERTAI: [kekidungan, peti di sampingnya], DIMANDIKAN_DI_ATAS: [balai-balai rumah adat], DIBUNGKUS: [tiga lapis], DIPAKAIKAN: [pakaian putih-putih], DIBERI: [sesisir pisang, pakaian seperti layaknya orang masih hidup], DIKUBUR: [segera], DIPINDAHKAN_DARI: [rumah adat], HARUS_DIBIARKAN: [sebentar sebelum dibuka pakaiannya], MENJADI: [sasaran segala kegiatan], id: jenazah, DIHIAS_SEOLAH_OLAH: [pergi menghadiri undangan atau ke pura], MEMAKAI: [cincin, gelang, kalung], DITUTUP_DENGAN: [kain putih dari ujung kepala hingga ujung kaki], DIGULUNG_DENGAN: [kain yang telah dirajah, tikar], DIUSUNG_KE: [tempat penusangan], DIBERSIHKAN_DARI: [hal-hal yang lain, kotoran-kotoran yang telah lama berada pada badan orang yang meninggal], HARUS_MELALUI: [ujung pepaga/asagan yang di teben barat], DIIKAT_DENGAN: [tali ktekung], DIKERINGKAN_DENGAN: [kain kering], DITUTUPI_DENGAN: [kain putih panjang kira-kira 2 sampai 2,5 meter], MENJALANI: [rangkaian upacara lain sebelum dibawa ke setra jika diaben], name: jenazah, DIBAWA_KE: [tempat pemandian, balai-balai, setra untuk segera dikuburkan bukan diaben], DIANGGAP_SEBAGAI: [orang yang masih hidup], DIBARINGKAN: [balai-balai], MENUJU: [bale dari arah teben menuju luanan/hulu], MEMBUJUR_KE: [kepala di utara atau timur]})","[:DIISI_DENGAN {raw_relation: DIISI_DENGAN, sentence_id: 3546, confidence: MED}]","(:Node:SARANA_RITUAL {name: kawangen di tangan, id: kawangen_di_tangan})"
"(:Node:ISTILAH_UMUM_RITUAL {DILETAKKAN_DI: [balai, balai-balai rumah adat], DIALASI_DENGAN: [daun pisang saba], aliases: [jenazah /pengawak, jenazah atau simbolik, jenazah mendiang, jenazah seseorang, samping jenazah], DIMASUKKAN_KE_DALAM: [kepala terlebih dahulu], DITELENTANGKAN_DI: [pembungkus], DISERTAI: [kekidungan, peti di sampingnya], DIMANDIKAN_DI_ATAS: [balai-balai rumah adat], DIBUNGKUS: [tiga lapis], DIPAKAIKAN: [pakaian putih-putih], DIBERI: [sesisir pisang, pakaian seperti layaknya orang masih hidup], DIKUBUR: [segera], DIPINDAHKAN_DARI: [rumah adat], HARUS_DIBIARKAN: [sebentar sebelum dibuka pakaiannya], MENJADI: [sasaran segala kegiatan], id: jenazah, DIHIAS_SEOLAH_OLAH: [pergi menghadiri undangan atau ke pura], MEMAKAI: [cincin, gelang, kalung], DITUTUP_DENGAN: [kain putih dari ujung kepala hingga ujung kaki], DIGULUNG_DENGAN: [kain yang telah dirajah, tikar], DIUSUNG_KE: [tempat penusangan], DIBERSIHKAN_DARI: [hal-hal yang lain, kotoran-kotoran yang telah lama berada pada badan orang yang meninggal], HARUS_MELALUI: [ujung pepaga/asagan yang di teben barat], DIIKAT_DENGAN: [tali ktekung], DIKERINGKAN_DENGAN: [kain kering], DITUTUPI_DENGAN: [kain putih panjang kira-kira 2 sampai 2,5 meter], MENJALANI: [rangkaian upacara lain sebelum dibawa ke setra jika diaben], name: jenazah, DIBAWA_KE: [tempat pemandian, balai-balai, setra untuk segera dikuburkan bukan diaben], DIANGGAP_SEBAGAI: [orang yang masih hidup], DIBARINGKAN: [balai-balai], MENUJU: [bale dari arah teben menuju luanan/hulu], MEMBUJUR_KE: [kepala di utara atau timur]})","[:DIAMBIL_DARI {raw_relation: DIAMBIL_DARI, sentence_id: 3339, confidence: MED}]","(:Node:ISTILAH_UMUM_RITUAL {name: balai tempat jenazah disemayamkan, id: balai_tempat_jenazah_disemayamkan})"
"(:Node:ISTILAH_UMUM_RITUAL {DILETAKKAN_DI: [balai, balai-balai rumah adat], DIALASI_DENGAN: [daun pisang saba], aliases: [jenazah /pengawak, jenazah atau simbolik, jenazah mendiang, jenazah seseorang, samping jenazah], DIMASUKKAN_KE_DALAM: [kepala terlebih dahulu], DITELENTANGKAN_DI: [pembungkus], DISERTAI: [kekidungan, peti di sampingnya], DIMANDIKAN_DI_ATAS: [balai-balai rumah adat], DIBUNGKUS: [tiga lapis], DIPAKAIKAN: [pakaian putih-putih], DIBERI: [sesisir pisang, pakaian seperti layaknya orang masih hidup], DIKUBUR: [segera], DIPINDAHKAN_DARI: [rumah adat], HARUS_DIBIARKAN: [sebentar sebelum dibuka pakaiannya], MENJADI: [sasaran segala kegiatan], id: jenazah, DIHIAS_SEOLAH_OLAH: [pergi menghadiri undangan atau ke pura], MEMAKAI: [cincin, gelang, kalung], DITUTUP_DENGAN: [kain putih dari ujung kepala hingga ujung kaki], DIGULUNG_DENGAN: [kain yang telah dirajah, tikar], DIUSUNG_KE: [tempat penusangan], DIBERSIHKAN_DARI: [hal-hal yang lain, kotoran-kotoran yang telah lama berada pada badan orang yang meninggal], HARUS_MELALUI: [ujung pepaga/asagan yang di teben barat], DIIKAT_DENGAN: [tali ktekung], DIKERINGKAN_DENGAN: [kain kering], DITUTUPI_DENGAN: [kain putih panjang kira-kira 2 sampai 2,5 meter], MENJALANI: [rangkaian upacara lain sebelum dibawa ke setra jika diaben], name: jenazah, DIBAWA_KE: [tempat pemandian, balai-balai, setra untuk segera dikuburkan bukan diaben], DIANGGAP_SEBAGAI: [orang yang masih hidup], DIBARINGKAN: [balai-balai], MENUJU: [bale dari arah teben menuju luanan/hulu], MEMBUJUR_KE: [kepala di utara atau timur]})","[:DIDUDUKKAN_DULU_SEBELUM {raw_relation: DIDUDUKKAN_DULU_SEBELUM, sentence_id: 3354, confidence: MED}]","(:Node:SARANA_RITUAL {name: tidur tertelentang di pepaga/asagan, id: tidur_tertelentang_di_pepaga_asagan})"
"(:Node:ISTILAH_UMUM_RITUAL {DILETAKKAN_DI: [balai, balai-balai rumah adat], DIALASI_DENGAN: [daun pisang saba], aliases: [jenazah /pengawak, jenazah atau simbolik, jenazah mendiang, jenazah seseorang, samping jenazah], DIMASUKKAN_KE_DALAM: [kepala terlebih dahulu], DITELENTANGKAN_DI: [pembungkus], DISERTAI: [kekidungan, peti di sampingnya], DIMANDIKAN_DI_ATAS: [balai-balai rumah adat], DIBUNGKUS: [tiga lapis], DIPAKAIKAN: [pakaian putih-putih], DIBERI: [sesisir pisang, pakaian seperti layaknya orang masih hidup], DIKUBUR: [segera], DIPINDAHKAN_DARI: [rumah adat], HARUS_DIBIARKAN: [sebentar sebelum dibuka pakaiannya], MENJADI: [sasaran segala kegiatan], id: jenazah, DIHIAS_SEOLAH_OLAH: [pergi menghadiri undangan atau ke pura], MEMAKAI: [cincin, gelang, kalung], DITUTUP_DENGAN: [kain putih dari ujung kepala hingga ujung kaki], DIGULUNG_DENGAN: [kain yang telah dirajah, tikar], DIUSUNG_KE: [tempat penusangan], DIBERSIHKAN_DARI: [hal-hal yang lain, kotoran-kotoran yang telah lama berada pada badan orang yang meninggal], HARUS_MELALUI: [ujung pepaga/asagan yang di teben barat], DIIKAT_DENGAN: [tali ktekung], DIKERINGKAN_DENGAN: [kain kering], DITUTUPI_DENGAN: [kain putih panjang kira-kira 2 sampai 2,5 meter], MENJALANI: [rangkaian upacara lain sebelum dibawa ke setra jika diaben], name: jenazah, DIBAWA_KE: [tempat pemandian, balai-balai, setra untuk segera dikuburkan bukan diaben], DIANGGAP_SEBAGAI: [orang yang masih hidup], DIBARINGKAN: [balai-balai], MENUJU: [bale dari arah teben menuju luanan/hulu], MEMBUJUR_KE: [kepala di utara atau timur]})","[:MENUJU {raw_relation: NAIK_KE, sentence_id: 3354, confidence: HIGH}]","(:Node:SARANA_RITUAL {DILETAKKAN_DI: [halaman rumah], BERFUNGSI_SEBAGAI: [balai-balai alas ngringkes], aliases: [asagan, atas pepaga/asagan, dusa, pepaga atau asagan, pepaga/asagan], name: pepaga, id: pepaga, TERBUAT_DARI: [bambu, hitungan galir, hitungan galur, hitungan likah, hitungan wangke, hitungan wangkong]})"
"(:Node:ISTILAH_UMUM_RITUAL {DILETAKKAN_DI: [balai, balai-balai rumah adat], DIALASI_DENGAN: [daun pisang saba], aliases: [jenazah /pengawak, jenazah atau simbolik, jenazah mendiang, jenazah seseorang, samping jenazah], DIMASUKKAN_KE_DALAM: [kepala terlebih dahulu], DITELENTANGKAN_DI: [pembungkus], DISERTAI: [kekidungan, peti di sampingnya], DIMANDIKAN_DI_ATAS: [balai-balai rumah adat], DIBUNGKUS: [tiga lapis], DIPAKAIKAN: [pakaian putih-putih], DIBERI: [sesisir pisang, pakaian seperti layaknya orang masih hidup], DIKUBUR: [segera], DIPINDAHKAN_DARI: [rumah adat], HARUS_DIBIARKAN: [sebentar sebelum dibuka pakaiannya], MENJADI: [sasaran segala kegiatan], id: jenazah, DIHIAS_SEOLAH_OLAH: [pergi menghadiri undangan atau ke pura], MEMAKAI: [cincin, gelang, kalung], DITUTUP_DENGAN: [kain putih dari ujung kepala hingga ujung kaki], DIGULUNG_DENGAN: [kain yang telah dirajah, tikar], DIUSUNG_KE: [tempat penusangan], DIBERSIHKAN_DARI: [hal-hal yang lain, kotoran-kotoran yang telah lama berada pada badan orang yang meninggal], HARUS_MELALUI: [ujung pepaga/asagan yang di teben barat], DIIKAT_DENGAN: [tali ktekung], DIKERINGKAN_DENGAN: [kain kering], DITUTUPI_DENGAN: [kain putih panjang kira-kira 2 sampai 2,5 meter], MENJALANI: [rangkaian upacara lain sebelum dibawa ke setra jika diaben], name: jenazah, DIBAWA_KE: [tempat pemandian, balai-balai, setra untuk segera dikuburkan bukan diaben], DIANGGAP_SEBAGAI: [orang yang masih hidup], DIBARINGKAN: [balai-balai], MENUJU: [bale dari arah teben menuju luanan/hulu], MEMBUJUR_KE: [kepala di utara atau timur]})","[:DIPERCIKI_DAN_DIMINUMKAN {raw_relation: DIPERCIKI_DAN_DIMINUMKAN, sentence_id: 3547, confidence: MED}]","(:Node:TIRTHA_SUCI {DIMOHON_KEPADA: [pendeta yang muput pangabenan itu sendiri], aliases: [tirtha lainnya], BERPERAN_SEBAGAI: [sarana untuk menetapkan kedudukan arwah mendiang pada satu alam roh (pitra) tertentu], DIPAKAI_UNTUK: [ngalukat], BERFUNGSI_SEBAGAI: [sarana pengembalian roh (atma) kepada sang pencipta, sarana untuk meningkatkan kedudukan roh orang yang meninggal yang masih dalam tingkatan preta menjadi pitara], DIMOHONKAN_DI: [sanggah/pamerajan keluarga orang yang meninggal], DIPERCIKKAN_PADA: [kedua perlambang, seluruh badan hingga ke kaki jenazah], DITUJUKAN_UNTUK: [arwah mendiang dalam peristiwa beralihnya dari dunia manusia ke dunia roh], name: tirtha, DIBAWA_KE: [setra untuk dipergunakan pada waktu pembakaran], MEMILIKI: [tarif, harga, nilai spiritual yang sama, fungsi sarana untuk mengucapkan permohonan pamit terhadap leluhur , agar nanti nya dapat ikut masuk kealam kedewataan, fungsi sarana yang dapat mengantarkan agar roh orang yang meninggal mendapatkan tempat yang baik atau dalam kata lain roh tersebut tidak mengalami kesengsaraan], definition: sarana restu dari ida bhatara di kahyangan tersebut, id: tirtha})"
"(:Node:ISTILAH_UMUM_RITUAL {DILETAKKAN_DI: [balai, balai-balai rumah adat], DIALASI_DENGAN: [daun pisang saba], aliases: [jenazah /pengawak, jenazah atau simbolik, jenazah mendiang, jenazah seseorang, samping jenazah], DIMASUKKAN_KE_DALAM: [kepala terlebih dahulu], DITELENTANGKAN_DI: [pembungkus], DISERTAI: [kekidungan, peti di sampingnya], DIMANDIKAN_DI_ATAS: [balai-balai rumah adat], DIBUNGKUS: [tiga lapis], DIPAKAIKAN: [pakaian putih-putih], DIBERI: [sesisir pisang, pakaian seperti layaknya orang masih hidup], DIKUBUR: [segera], DIPINDAHKAN_DARI: [rumah adat], HARUS_DIBIARKAN: [sebentar sebelum dibuka pakaiannya], MENJADI: [sasaran segala kegiatan], id: jenazah, DIHIAS_SEOLAH_OLAH: [pergi menghadiri undangan atau ke pura], MEMAKAI: [cincin, gelang, kalung], DITUTUP_DENGAN: [kain putih dari ujung kepala hingga ujung kaki], DIGULUNG_DENGAN: [kain yang telah dirajah, tikar], DIUSUNG_KE: [tempat penusangan], DIBERSIHKAN_DARI: [hal-hal yang lain, kotoran-kotoran yang telah lama berada pada badan orang yang meninggal], HARUS_MELALUI: [ujung pepaga/asagan yang di teben barat], DIIKAT_DENGAN: [tali ktekung], DIKERINGKAN_DENGAN: [kain kering], DITUTUPI_DENGAN: [kain putih panjang kira-kira 2 sampai 2,5 meter], MENJALANI: [rangkaian upacara lain sebelum dibawa ke setra jika diaben], name: jenazah, DIBAWA_KE: [tempat pemandian, balai-balai, setra untuk segera dikuburkan bukan diaben], DIANGGAP_SEBAGAI: [orang yang masih hidup], DIBARINGKAN: [balai-balai], MENUJU: [bale dari arah teben menuju luanan/hulu], MEMBUJUR_KE: [kepala di utara atau timur]})","[:DISABUNI_DENGAN {raw_relation: DISABUNI_DENGAN, sentence_id: 3610, confidence: MED}]","(:Node:SARANA_RITUAL {name: umbi sikapa/sekapa, id: umbi_sikapa_sekapa})"
"(:Node:ISTILAH_UMUM_RITUAL {DILETAKKAN_DI: [balai, balai-balai rumah adat], DIALASI_DENGAN: [daun pisang saba], aliases: [jenazah /pengawak, jenazah atau simbolik, jenazah mendiang, jenazah seseorang, samping jenazah], DIMASUKKAN_KE_DALAM: [kepala terlebih dahulu], DITELENTANGKAN_DI: [pembungkus], DISERTAI: [kekidungan, peti di sampingnya], DIMANDIKAN_DI_ATAS: [balai-balai rumah adat], DIBUNGKUS: [tiga lapis], DIPAKAIKAN: [pakaian putih-putih], DIBERI: [sesisir pisang, pakaian seperti layaknya orang masih hidup], DIKUBUR: [segera], DIPINDAHKAN_DARI: [rumah adat], HARUS_DIBIARKAN: [sebentar sebelum dibuka pakaiannya], MENJADI: [sasaran segala kegiatan], id: jenazah, DIHIAS_SEOLAH_OLAH: [pergi menghadiri undangan atau ke pura], MEMAKAI: [cincin, gelang, kalung], DITUTUP_DENGAN: [kain putih dari ujung kepala hingga ujung kaki], DIGULUNG_DENGAN: [kain yang telah dirajah, tikar], DIUSUNG_KE: [tempat penusangan], DIBERSIHKAN_DARI: [hal-hal yang lain, kotoran-kotoran yang telah lama berada pada badan orang yang meninggal], HARUS_MELALUI: [ujung pepaga/asagan yang di teben barat], DIIKAT_DENGAN: [tali ktekung], DIKERINGKAN_DENGAN: [kain kering], DITUTUPI_DENGAN: [kain putih panjang kira-kira 2 sampai 2,5 meter], MENJALANI: [rangkaian upacara lain sebelum dibawa ke setra jika diaben], name: jenazah, DIBAWA_KE: [tempat pemandian, balai-balai, setra untuk segera dikuburkan bukan diaben], DIANGGAP_SEBAGAI: [orang yang masih hidup], DIBARINGKAN: [balai-balai], MENUJU: [bale dari arah teben menuju luanan/hulu], MEMBUJUR_KE: [kepala di utara atau timur]})","[:BERANGKAT_KE {raw_relation: BERANGKAT_KE, sentence_id: 217, confidence: MED}]","(:Node:BANGUNAN_RITUAL {aliases: [sebuah setra], name: setra, id: setra})"
"(:Node:ISTILAH_UMUM_RITUAL {DILETAKKAN_DI: [balai, balai-balai rumah adat], DIALASI_DENGAN: [daun pisang saba], aliases: [jenazah /pengawak, jenazah atau simbolik, jenazah mendiang, jenazah seseorang, samping jenazah], DIMASUKKAN_KE_DALAM: [kepala terlebih dahulu], DITELENTANGKAN_DI: [pembungkus], DISERTAI: [kekidungan, peti di sampingnya], DIMANDIKAN_DI_ATAS: [balai-balai rumah adat], DIBUNGKUS: [tiga lapis], DIPAKAIKAN: [pakaian putih-putih], DIBERI: [sesisir pisang, pakaian seperti layaknya orang masih hidup], DIKUBUR: [segera], DIPINDAHKAN_DARI: [rumah adat], HARUS_DIBIARKAN: [sebentar sebelum dibuka pakaiannya], MENJADI: [sasaran segala kegiatan], id: jenazah, DIHIAS_SEOLAH_OLAH: [pergi menghadiri undangan atau ke pura], MEMAKAI: [cincin, gelang, kalung], DITUTUP_DENGAN: [kain putih dari ujung kepala hingga ujung kaki], DIGULUNG_DENGAN: [kain yang telah dirajah, tikar], DIUSUNG_KE: [tempat penusangan], DIBERSIHKAN_DARI: [hal-hal yang lain, kotoran-kotoran yang telah lama berada pada badan orang yang meninggal], HARUS_MELALUI: [ujung pepaga/asagan yang di teben barat], DIIKAT_DENGAN: [tali ktekung], DIKERINGKAN_DENGAN: [kain kering], DITUTUPI_DENGAN: [kain putih panjang kira-kira 2 sampai 2,5 meter], MENJALANI: [rangkaian upacara lain sebelum dibawa ke setra jika diaben], name: jenazah, DIBAWA_KE: [tempat pemandian, balai-balai, setra untuk segera dikuburkan bukan diaben], DIANGGAP_SEBAGAI: [orang yang masih hidup], DIBARINGKAN: [balai-balai], MENUJU: [bale dari arah teben menuju luanan/hulu], MEMBUJUR_KE: [kepala di utara atau timur]})","[:DIBASMI_OLEH {raw_relation: DIBASMI_OLEH, sentence_id: 376, confidence: MED}]","(:Node:ENTITAS_KEAGAMAAN {name: sang hyang birawi, id: sang_hyang_birawi})"
"(:Node:ISTILAH_UMUM_RITUAL {DILETAKKAN_DI: [balai, balai-balai rumah adat], DIALASI_DENGAN: [daun pisang saba], aliases: [jenazah /pengawak, jenazah atau simbolik, jenazah mendiang, jenazah seseorang, samping jenazah], DIMASUKKAN_KE_DALAM: [kepala terlebih dahulu], DITELENTANGKAN_DI: [pembungkus], DISERTAI: [kekidungan, peti di sampingnya], DIMANDIKAN_DI_ATAS: [balai-balai rumah adat], DIBUNGKUS: [tiga lapis], DIPAKAIKAN: [pakaian putih-putih], DIBERI: [sesisir pisang, pakaian seperti layaknya orang masih hidup], DIKUBUR: [segera], DIPINDAHKAN_DARI: [rumah adat], HARUS_DIBIARKAN: [sebentar sebelum dibuka pakaiannya], MENJADI: [sasaran segala kegiatan], id: jenazah, DIHIAS_SEOLAH_OLAH: [pergi menghadiri undangan atau ke pura], MEMAKAI: [cincin, gelang, kalung], DITUTUP_DENGAN: [kain putih dari ujung kepala hingga ujung kaki], DIGULUNG_DENGAN: [kain yang telah dirajah, tikar], DIUSUNG_KE: [tempat penusangan], DIBERSIHKAN_DARI: [hal-hal yang lain, kotoran-kotoran yang telah lama berada pada badan orang yang meninggal], HARUS_MELALUI: [ujung pepaga/asagan yang di teben barat], DIIKAT_DENGAN: [tali ktekung], DIKERINGKAN_DENGAN: [kain kering], DITUTUPI_DENGAN: [kain putih panjang kira-kira 2 sampai 2,5 meter], MENJALANI: [rangkaian upacara lain sebelum dibawa ke setra jika diaben], name: jenazah, DIBAWA_KE: [tempat pemandian, balai-balai, setra untuk segera dikuburkan bukan diaben], DIANGGAP_SEBAGAI: [orang yang masih hidup], DIBARINGKAN: [balai-balai], MENUJU: [bale dari arah teben menuju luanan/hulu], MEMBUJUR_KE: [kepala di utara atau timur]})","[:DIPINDAHKAN_KE {raw_relation: DIPINDAHKAN_KE, sentence_id: 1060, confidence: MED}]","(:Node:SARANA_RITUAL {DILETAKKAN_DI: [halaman rumah], BERFUNGSI_SEBAGAI: [balai-balai alas ngringkes], aliases: [asagan, atas pepaga/asagan, dusa, pepaga atau asagan, pepaga/asagan], name: pepaga, id: pepaga, TERBUAT_DARI: [bambu, hitungan galir, hitungan galur, hitungan likah, hitungan wangke, hitungan wangkong]})"
"(:Node:ISTILAH_UMUM_RITUAL {DILETAKKAN_DI: [balai, balai-balai rumah adat], DIALASI_DENGAN: [daun pisang saba], aliases: [jenazah /pengawak, jenazah atau simbolik, jenazah mendiang, jenazah seseorang, samping jenazah], DIMASUKKAN_KE_DALAM: [kepala terlebih dahulu], DITELENTANGKAN_DI: [pembungkus], DISERTAI: [kekidungan, peti di sampingnya], DIMANDIKAN_DI_ATAS: [balai-balai rumah adat], DIBUNGKUS: [tiga lapis], DIPAKAIKAN: [pakaian putih-putih], DIBERI: [sesisir pisang, pakaian seperti layaknya orang masih hidup], DIKUBUR: [segera], DIPINDAHKAN_DARI: [rumah adat], HARUS_DIBIARKAN: [sebentar sebelum dibuka pakaiannya], MENJADI: [sasaran segala kegiatan], id: jenazah, DIHIAS_SEOLAH_OLAH: [pergi menghadiri undangan atau ke pura], MEMAKAI: [cincin, gelang, kalung], DITUTUP_DENGAN: [kain putih dari ujung kepala hingga ujung kaki], DIGULUNG_DENGAN: [kain yang telah dirajah, tikar], DIUSUNG_KE: [tempat penusangan], DIBERSIHKAN_DARI: [hal-hal yang lain, kotoran-kotoran yang telah lama berada pada badan orang yang meninggal], HARUS_MELALUI: [ujung pepaga/asagan yang di teben barat], DIIKAT_DENGAN: [tali ktekung], DIKERINGKAN_DENGAN: [kain kering], DITUTUPI_DENGAN: [kain putih panjang kira-kira 2 sampai 2,5 meter], MENJALANI: [rangkaian upacara lain sebelum dibawa ke setra jika diaben], name: jenazah, DIBAWA_KE: [tempat pemandian, balai-balai, setra untuk segera dikuburkan bukan diaben], DIANGGAP_SEBAGAI: [orang yang masih hidup], DIBARINGKAN: [balai-balai], MENUJU: [bale dari arah teben menuju luanan/hulu], MEMBUJUR_KE: [kepala di utara atau timur]})","[:DIMASUKKAN_MELALUI {raw_relation: DIMASUKKAN_MELALUI, sentence_id: 3355, confidence: MED}]","(:Node:SARANA_RITUAL {name: teben pepaga/asagan, id: teben_pepaga_asagan})"
"(:Node:ISTILAH_UMUM_RITUAL {DISIRAM_DENGAN: [air biasa], DIMASUKKAN_KE_DALAM: [peti kayu], name: jenazah bayi, DIBUNGKUS_SETELAH: [dimandikan], id: jenazah_bayi, DIMANDIKAN_DI: [natar rumah]})",[:TERMASUK_JENIS],"(:Node:ISTILAH_UMUM_RITUAL {DILETAKKAN_DI: [balai, balai-balai rumah adat], DIALASI_DENGAN: [daun pisang saba], aliases: [jenazah /pengawak, jenazah atau simbolik, jenazah mendiang, jenazah seseorang, samping jenazah], DIMASUKKAN_KE_DALAM: [kepala terlebih dahulu], DITELENTANGKAN_DI: [pembungkus], DISERTAI: [kekidungan, peti di sampingnya], DIMANDIKAN_DI_ATAS: [balai-balai rumah adat], DIBUNGKUS: [tiga lapis], DIPAKAIKAN: [pakaian putih-putih], DIBERI: [sesisir pisang, pakaian seperti layaknya orang masih hidup], DIKUBUR: [segera], DIPINDAHKAN_DARI: [rumah adat], HARUS_DIBIARKAN: [sebentar sebelum dibuka pakaiannya], MENJADI: [sasaran segala kegiatan], id: jenazah, DIHIAS_SEOLAH_OLAH: [pergi menghadiri undangan atau ke pura], MEMAKAI: [cincin, gelang, kalung], DITUTUP_DENGAN: [kain putih dari ujung kepala hingga ujung kaki], DIGULUNG_DENGAN: [kain yang telah dirajah, tikar], DIUSUNG_KE: [tempat penusangan], DIBERSIHKAN_DARI: [hal-hal yang lain, kotoran-kotoran yang telah lama berada pada badan orang yang meninggal], HARUS_MELALUI: [ujung pepaga/asagan yang di teben barat], DIIKAT_DENGAN: [tali ktekung], DIKERINGKAN_DENGAN: [kain kering], DITUTUPI_DENGAN: [kain putih panjang kira-kira 2 sampai 2,5 meter], MENJALANI: [rangkaian upacara lain sebelum dibawa ke setra jika diaben], name: jenazah, DIBAWA_KE: [tempat pemandian, balai-balai, setra untuk segera dikuburkan bukan diaben], DIANGGAP_SEBAGAI: [orang yang masih hidup], DIBARINGKAN: [balai-balai], MENUJU: [bale dari arah teben menuju luanan/hulu], MEMBUJUR_KE: [kepala di utara atau timur]})"
"(:Node:ISTILAH_UMUM_RITUAL {DISIRAM_DENGAN: [air biasa], DIMASUKKAN_KE_DALAM: [peti kayu], name: jenazah bayi, DIBUNGKUS_SETELAH: [dimandikan], id: jenazah_bayi, DIMANDIKAN_DI: [natar rumah]})","[:DISIRAM_DENGAN {raw_relation: DISIRAM_DENGAN, sentence_id: 958, confidence: LOW}]","(:Node:TIRTHA_SUCI {name: air kumkuman, definition: air yang diberi serbuk cendana dan kembang serba harum, id: air_kumkuman})"
"(:Node:ISTILAH_UMUM_RITUAL {DISIRAM_DENGAN: [air biasa], DIMASUKKAN_KE_DALAM: [peti kayu], name: jenazah bayi, DIBUNGKUS_SETELAH: [dimandikan], id: jenazah_bayi, DIMANDIKAN_DI: [natar rumah]})","[:DIBUNGKUS_DENGAN {raw_relation: DIBUNGKUS_DENGAN, sentence_id: 917, confidence: MED}]","(:Node:SARANA_RITUAL {name: kain putih, id: kain_putih})"
"(:Node:ISTILAH_UMUM_RITUAL {name: jenazah bibir, id: jenazah_bibir, DIBERSIHKAN_DENGAN: [tembakau diusapkan pada bibir]})",[:TERMASUK_JENIS],"(:Node:ISTILAH_UMUM_RITUAL {DILETAKKAN_DI: [balai, balai-balai rumah adat], DIALASI_DENGAN: [daun pisang saba], aliases: [jenazah /pengawak, jenazah atau simbolik, jenazah mendiang, jenazah seseorang, samping jenazah], DIMASUKKAN_KE_DALAM: [kepala terlebih dahulu], DITELENTANGKAN_DI: [pembungkus], DISERTAI: [kekidungan, peti di sampingnya], DIMANDIKAN_DI_ATAS: [balai-balai rumah adat], DIBUNGKUS: [tiga lapis], DIPAKAIKAN: [pakaian putih-putih], DIBERI: [sesisir pisang, pakaian seperti layaknya orang masih hidup], DIKUBUR: [segera], DIPINDAHKAN_DARI: [rumah adat], HARUS_DIBIARKAN: [sebentar sebelum dibuka pakaiannya], MENJADI: [sasaran segala kegiatan], id: jenazah, DIHIAS_SEOLAH_OLAH: [pergi menghadiri undangan atau ke pura], MEMAKAI: [cincin, gelang, kalung], DITUTUP_DENGAN: [kain putih dari ujung kepala hingga ujung kaki], DIGULUNG_DENGAN: [kain yang telah dirajah, tikar], DIUSUNG_KE: [tempat penusangan], DIBERSIHKAN_DARI: [hal-hal yang lain, kotoran-kotoran yang telah lama berada pada badan orang yang meninggal], HARUS_MELALUI: [ujung pepaga/asagan yang di teben barat], DIIKAT_DENGAN: [tali ktekung], DIKERINGKAN_DENGAN: [kain kering], DITUTUPI_DENGAN: [kain putih panjang kira-kira 2 sampai 2,5 meter], MENJALANI: [rangkaian upacara lain sebelum dibawa ke setra jika diaben], name: jenazah, DIBAWA_KE: [tempat pemandian, balai-balai, setra untuk segera dikuburkan bukan diaben], DIANGGAP_SEBAGAI: [orang yang masih hidup], DIBARINGKAN: [balai-balai], MENUJU: [bale dari arah teben menuju luanan/hulu], MEMBUJUR_KE: [kepala di utara atau timur]})"
"(:Node:ISTILAH_UMUM_RITUAL {BERTUJUAN_UNTUK: [agar tidak kelihatan sama sekali], name: jenazah ditutup kain putih, id: jenazah_ditutup_kain_putih})",[:TERMASUK_JENIS],"(:Node:ISTILAH_UMUM_RITUAL {DILETAKKAN_DI: [balai, balai-balai rumah adat], DIALASI_DENGAN: [daun pisang saba], aliases: [jenazah /pengawak, jenazah atau simbolik, jenazah mendiang, jenazah seseorang, samping jenazah], DIMASUKKAN_KE_DALAM: [kepala terlebih dahulu], DITELENTANGKAN_DI: [pembungkus], DISERTAI: [kekidungan, peti di sampingnya], DIMANDIKAN_DI_ATAS: [balai-balai rumah adat], DIBUNGKUS: [tiga lapis], DIPAKAIKAN: [pakaian putih-putih], DIBERI: [sesisir pisang, pakaian seperti layaknya orang masih hidup], DIKUBUR: [segera], DIPINDAHKAN_DARI: [rumah adat], HARUS_DIBIARKAN: [sebentar sebelum dibuka pakaiannya], MENJADI: [sasaran segala kegiatan], id: jenazah, DIHIAS_SEOLAH_OLAH: [pergi menghadiri undangan atau ke pura], MEMAKAI: [cincin, gelang, kalung], DITUTUP_DENGAN: [kain putih dari ujung kepala hingga ujung kaki], DIGULUNG_DENGAN: [kain yang telah dirajah, tikar], DIUSUNG_KE: [tempat penusangan], DIBERSIHKAN_DARI: [hal-hal yang lain, kotoran-kotoran yang telah lama berada pada badan orang yang meninggal], HARUS_MELALUI: [ujung pepaga/asagan yang di teben barat], DIIKAT_DENGAN: [tali ktekung], DIKERINGKAN_DENGAN: [kain kering], DITUTUPI_DENGAN: [kain putih panjang kira-kira 2 sampai 2,5 meter], MENJALANI: [rangkaian upacara lain sebelum dibawa ke setra jika diaben], name: jenazah, DIBAWA_KE: [tempat pemandian, balai-balai, setra untuk segera dikuburkan bukan diaben], DIANGGAP_SEBAGAI: [orang yang masih hidup], DIBARINGKAN: [balai-balai], MENUJU: [bale dari arah teben menuju luanan/hulu], MEMBUJUR_KE: [kepala di utara atau timur]})"
"(:Node:ISTILAH_UMUM_RITUAL {name: jenazah diusung ke tempat pemandian, id: jenazah_diusung_ke_tempat_pemandian})",[:TERMASUK_JENIS],"(:Node:ISTILAH_UMUM_RITUAL {DILETAKKAN_DI: [balai, balai-balai rumah adat], DIALASI_DENGAN: [daun pisang saba], aliases: [jenazah /pengawak, jenazah atau simbolik, jenazah mendiang, jenazah seseorang, samping jenazah], DIMASUKKAN_KE_DALAM: [kepala terlebih dahulu], DITELENTANGKAN_DI: [pembungkus], DISERTAI: [kekidungan, peti di sampingnya], DIMANDIKAN_DI_ATAS: [balai-balai rumah adat], DIBUNGKUS: [tiga lapis], DIPAKAIKAN: [pakaian putih-putih], DIBERI: [sesisir pisang, pakaian seperti layaknya orang masih hidup], DIKUBUR: [segera], DIPINDAHKAN_DARI: [rumah adat], HARUS_DIBIARKAN: [sebentar sebelum dibuka pakaiannya], MENJADI: [sasaran segala kegiatan], id: jenazah, DIHIAS_SEOLAH_OLAH: [pergi menghadiri undangan atau ke pura], MEMAKAI: [cincin, gelang, kalung], DITUTUP_DENGAN: [kain putih dari ujung kepala hingga ujung kaki], DIGULUNG_DENGAN: [kain yang telah dirajah, tikar], DIUSUNG_KE: [tempat penusangan], DIBERSIHKAN_DARI: [hal-hal yang lain, kotoran-kotoran yang telah lama berada pada badan orang yang meninggal], HARUS_MELALUI: [ujung pepaga/asagan yang di teben barat], DIIKAT_DENGAN: [tali ktekung], DIKERINGKAN_DENGAN: [kain kering], DITUTUPI_DENGAN: [kain putih panjang kira-kira 2 sampai 2,5 meter], MENJALANI: [rangkaian upacara lain sebelum dibawa ke setra jika diaben], name: jenazah, DIBAWA_KE: [tempat pemandian, balai-balai, setra untuk segera dikuburkan bukan diaben], DIANGGAP_SEBAGAI: [orang yang masih hidup], DIBARINGKAN: [balai-balai], MENUJU: [bale dari arah teben menuju luanan/hulu], MEMBUJUR_KE: [kepala di utara atau timur]})"
"(:Node:ISTILAH_UMUM_RITUAL {name: jenazah raja bali, id: jenazah_raja_bali})",[:TERMASUK_JENIS],"(:Node:ISTILAH_UMUM_RITUAL {DILETAKKAN_DI: [balai, balai-balai rumah adat], DIALASI_DENGAN: [daun pisang saba], aliases: [jenazah /pengawak, jenazah atau simbolik, jenazah mendiang, jenazah seseorang, samping jenazah], DIMASUKKAN_KE_DALAM: [kepala terlebih dahulu], DITELENTANGKAN_DI: [pembungkus], DISERTAI: [kekidungan, peti di sampingnya], DIMANDIKAN_DI_ATAS: [balai-balai rumah adat], DIBUNGKUS: [tiga lapis], DIPAKAIKAN: [pakaian putih-putih], DIBERI: [sesisir pisang, pakaian seperti layaknya orang masih hidup], DIKUBUR: [segera], DIPINDAHKAN_DARI: [rumah adat], HARUS_DIBIARKAN: [sebentar sebelum dibuka pakaiannya], MENJADI: [sasaran segala kegiatan], id: jenazah, DIHIAS_SEOLAH_OLAH: [pergi menghadiri undangan atau ke pura], MEMAKAI: [cincin, gelang, kalung], DITUTUP_DENGAN: [kain putih dari ujung kepala hingga ujung kaki], DIGULUNG_DENGAN: [kain yang telah dirajah, tikar], DIUSUNG_KE: [tempat penusangan], DIBERSIHKAN_DARI: [hal-hal yang lain, kotoran-kotoran yang telah lama berada pada badan orang yang meninggal], HARUS_MELALUI: [ujung pepaga/asagan yang di teben barat], DIIKAT_DENGAN: [tali ktekung], DIKERINGKAN_DENGAN: [kain kering], DITUTUPI_DENGAN: [kain putih panjang kira-kira 2 sampai 2,5 meter], MENJALANI: [rangkaian upacara lain sebelum dibawa ke setra jika diaben], name: jenazah, DIBAWA_KE: [tempat pemandian, balai-balai, setra untuk segera dikuburkan bukan diaben], DIANGGAP_SEBAGAI: [orang yang masih hidup], DIBARINGKAN: [balai-balai], MENUJU: [bale dari arah teben menuju luanan/hulu], MEMBUJUR_KE: [kepala di utara atau timur]})"
"(:Node:ISTILAH_UMUM_RITUAL:Isolated {DIMASUKKAN_KE_DALAM: [periuk], name: jijih biji padi, id: jijih_biji_padi})",null,null
"(:Node:ISTILAH_UMUM_RITUAL:Isolated {name: jumlah galar, CONTOH: [5, 10, 15, 20, 25, 30, dan seterusnya kelipatan 5], id: jumlah_galar})",null,null
"(:Node:ISTILAH_UMUM_RITUAL:Isolated {name: kain bawah, id: kain_bawah, BERWARNA: [putih]})",null,null
"(:Node:SARANA_RITUAL {name: kain penutup, id: kain_penutup})","[:DIBUKA {raw_relation: DIBUKA, sentence_id: 1060, confidence: LOW}]","(:Node:ISTILAH_UMUM_RITUAL {name: setelah jenazah dipindahkan ke pepaga, id: setelah_jenazah_dipindahkan_ke_pepaga})"
"(:Node:ISTILAH_UMUM_RITUAL {name: kain penutup jenazah, id: kain_penutup_jenazah})","[:DIISI_DENGAN {raw_relation: DIISI_DENGAN, sentence_id: 3799, confidence: MED}]","(:Node:SARANA_RITUAL {DILETAKKAN_DI: [atas peti], aliases: [rurub sinom sebanyak lima buah, rurub sinom tadi], name: rurub sinom, DILETAKKAN_MELINTANG_DI: [kepala, leher, perut, paha dan kaki], id: rurub_sinom, DIAMBIL_DARI: [gulungan jenazah sebelum dimasukkan ke peti], BERUKURAN_PANJANG: [kira-kira 40 sampai 45 sentimeter]})"
"(:Node:SARANA_RITUAL {name: kain putih, id: kain_putih})","[:DIKENAL_SEBAGAI {raw_relation: DISEBUT, sentence_id: 1058, confidence: MED}]","(:Node:SARANA_RITUAL {name: leluhur langit-langit tandu, id: leluhur_langit_langit_tandu})"
"(:Node:SARANA_RITUAL {name: kain putih, id: kain_putih})","[:DIPASANG_DI_ATAS {raw_relation: DIPASANG_DI_ATAS, sentence_id: 1058, confidence: MED}]","(:Node:SARANA_RITUAL {DILETAKKAN_DI: [halaman rumah], BERFUNGSI_SEBAGAI: [balai-balai alas ngringkes], aliases: [asagan, atas pepaga/asagan, dusa, pepaga atau asagan, pepaga/asagan], name: pepaga, id: pepaga, TERBUAT_DARI: [bambu, hitungan galir, hitungan galur, hitungan likah, hitungan wangke, hitungan wangkong]})"
"(:Node:SARANA_RITUAL {name: kain putih panjangnya puluhan meter, id: kain_putih_panjangnya_puluhan_meter})",[:TERMASUK_JENIS],"(:Node:SARANA_RITUAL {name: kain putih, id: kain_putih})"
"(:Node:SARANA_RITUAL {name: kain putih untuk saput, id: kain_putih_untuk_saput})",[:TERMASUK_JENIS],"(:Node:SARANA_RITUAL {name: kain putih, id: kain_putih})"
"(:Node:SARANA_RITUAL {DILETAKKAN_DI: [depan pendeta yang memujanya], DIBERI: [sambungan], BERFUNGSI_SEBAGAI: [kain kafan teratas pada plengkungan sawa], DIPUJA_PADA: [pamlaspasan], DILIPAT_DI: [simbol], name: kajang, MEMILIKI: [nilai dan bobot istimewa], id: kajang, BERPERAN_SEBAGAI: [atribut nilai martabat warga]})","[:BERADA_DI {raw_relation: BERADA_DI, sentence_id: 1601, confidence: MED}]","(:Node:ISTILAH_UMUM_RITUAL {name: plengkungan sawa, id: plengkungan_sawa})"
"(:Node:SARANA_RITUAL {DILETAKKAN_DI: [depan pendeta yang memujanya], DIBERI: [sambungan], BERFUNGSI_SEBAGAI: [kain kafan teratas pada plengkungan sawa], DIPUJA_PADA: [pamlaspasan], DILIPAT_DI: [simbol], name: kajang, MEMILIKI: [nilai dan bobot istimewa], id: kajang, BERPERAN_SEBAGAI: [atribut nilai martabat warga]})","[:DIGUNAKAN_UNTUK {raw_relation: DILIPAT_DI, sentence_id: 2337, confidence: MED}]","(:Node:ISTILAH_UMUM_RITUAL {DILETAKKAN_DI: [balai, balai-balai rumah adat], DIALASI_DENGAN: [daun pisang saba], aliases: [jenazah /pengawak, jenazah atau simbolik, jenazah mendiang, jenazah seseorang, samping jenazah], DIMASUKKAN_KE_DALAM: [kepala terlebih dahulu], DITELENTANGKAN_DI: [pembungkus], DISERTAI: [kekidungan, peti di sampingnya], DIMANDIKAN_DI_ATAS: [balai-balai rumah adat], DIBUNGKUS: [tiga lapis], DIPAKAIKAN: [pakaian putih-putih], DIBERI: [sesisir pisang, pakaian seperti layaknya orang masih hidup], DIKUBUR: [segera], DIPINDAHKAN_DARI: [rumah adat], HARUS_DIBIARKAN: [sebentar sebelum dibuka pakaiannya], MENJADI: [sasaran segala kegiatan], id: jenazah, DIHIAS_SEOLAH_OLAH: [pergi menghadiri undangan atau ke pura], MEMAKAI: [cincin, gelang, kalung], DITUTUP_DENGAN: [kain putih dari ujung kepala hingga ujung kaki], DIGULUNG_DENGAN: [kain yang telah dirajah, tikar], DIUSUNG_KE: [tempat penusangan], DIBERSIHKAN_DARI: [hal-hal yang lain, kotoran-kotoran yang telah lama berada pada badan orang yang meninggal], HARUS_MELALUI: [ujung pepaga/asagan yang di teben barat], DIIKAT_DENGAN: [tali ktekung], DIKERINGKAN_DENGAN: [kain kering], DITUTUPI_DENGAN: [kain putih panjang kira-kira 2 sampai 2,5 meter], MENJALANI: [rangkaian upacara lain sebelum dibawa ke setra jika diaben], name: jenazah, DIBAWA_KE: [tempat pemandian, balai-balai, setra untuk segera dikuburkan bukan diaben], DIANGGAP_SEBAGAI: [orang yang masih hidup], DIBARINGKAN: [balai-balai], MENUJU: [bale dari arah teben menuju luanan/hulu], MEMBUJUR_KE: [kepala di utara atau timur]})"
"(:Node:SARANA_RITUAL {DILETAKKAN_DI: [depan pendeta yang memujanya], DIBERI: [sambungan], BERFUNGSI_SEBAGAI: [kain kafan teratas pada plengkungan sawa], DIPUJA_PADA: [pamlaspasan], DILIPAT_DI: [simbol], name: kajang, MEMILIKI: [nilai dan bobot istimewa], id: kajang, BERPERAN_SEBAGAI: [atribut nilai martabat warga]})","[:DISAMBUNG_DENGAN {raw_relation: DISAMBUNG_DENGAN, sentence_id: 1602, confidence: HIGH}]","(:Node:SARANA_RITUAL {name: lancingan, id: lancingan})"
"(:Node:SARANA_RITUAL {DILETAKKAN_DI: [depan pendeta yang memujanya], DIBERI: [sambungan], BERFUNGSI_SEBAGAI: [kain kafan teratas pada plengkungan sawa], DIPUJA_PADA: [pamlaspasan], DILIPAT_DI: [simbol], name: kajang, MEMILIKI: [nilai dan bobot istimewa], id: kajang, BERPERAN_SEBAGAI: [atribut nilai martabat warga]})","[:MELAMBANGKAN {raw_relation: MELAMBANGKAN, sentence_id: 2336, confidence: MED}]","(:Node:ISTILAH_UMUM_RITUAL {name: tanda hormat bakti kepada mendiang, id: tanda_hormat_bakti_kepada_mendiang})"
"(:Node:SARANA_RITUAL {DILETAKKAN_DI: [depan pendeta yang memujanya], DIBERI: [sambungan], BERFUNGSI_SEBAGAI: [kain kafan teratas pada plengkungan sawa], DIPUJA_PADA: [pamlaspasan], DILIPAT_DI: [simbol], name: kajang, MEMILIKI: [nilai dan bobot istimewa], id: kajang, BERPERAN_SEBAGAI: [atribut nilai martabat warga]})","[:DILETAKKAN_DI {raw_relation: DILETAKKAN_DI, sentence_id: 1639, confidence: MED}]","(:Node:BANGUNAN_RITUAL {name: paplengkungan jenazah, id: paplengkungan_jenazah})"
"(:Node:SARANA_RITUAL {DILETAKKAN_DI: [depan pendeta yang memujanya], DIBERI: [sambungan], BERFUNGSI_SEBAGAI: [kain kafan teratas pada plengkungan sawa], DIPUJA_PADA: [pamlaspasan], DILIPAT_DI: [simbol], name: kajang, MEMILIKI: [nilai dan bobot istimewa], id: kajang, BERPERAN_SEBAGAI: [atribut nilai martabat warga]})","[:DIBERI {raw_relation: DIBERI, sentence_id: 2336, confidence: HIGH}]","(:Node:SARANA_RITUAL {name: kain putih, id: kain_putih})"
"(:Node:SARANA_RITUAL {name: kajang atau kakerebsari, definition: alat upakara yang pelik dalam pangabenan ini, id: kajang_atau_kakerebsari})",[:TERMASUK_JENIS],"(:Node:SARANA_RITUAL {DILETAKKAN_DI: [depan pendeta yang memujanya], DIBERI: [sambungan], BERFUNGSI_SEBAGAI: [kain kafan teratas pada plengkungan sawa], DIPUJA_PADA: [pamlaspasan], DILIPAT_DI: [simbol], name: kajang, MEMILIKI: [nilai dan bobot istimewa], id: kajang, BERPERAN_SEBAGAI: [atribut nilai martabat warga]})"
"(:Node:ISTILAH_UMUM_RITUAL:Isolated {BERSELONJOR_KE: [teben/barat], name: kaki jenazah, id: kaki_jenazah})",null,null
"(:Node:SARANA_RITUAL:Isolated {DIMASUKKAN_KE_DALAM: [periuk], name: kalpika, id: kalpika})",null,null
"(:Node:KONSEP_HUKUM_ADAT:Isolated {name: kanoroyang, definition: Sanksi pemecatan dari keanggotaan desa adat., id: kanoroyang})",null,null
"(:Node:KONSEP_FILOSOFIS:Isolated {name: karma wasana, id: karma_wasana, MENENTUKAN: [nasib setelah meninggal]})",null,null
"(:Node:ISTILAH_UMUM_RITUAL:Isolated {name: kata roras, id: kata_roras})",null,null
"(:Node:SARANA_RITUAL {DILETAKKAN_DI: [hulu hati, kedua lutut kaki], BERISI: [lima buah lembaran-lembaran daun sirih, bunga tunjung putih, pusuh bunga cempaka kuning], DIIKAT_DENGAN: [tali benang], DIISI_DENGAN: [bawang putih sebagai lambang kuku di ujungnya], name: kawangen, DIISI: [11 kepeng ditaruh pada setiap persendian/buku-buku, 25 kepeng untuk pebaktian jenazah ditaruh di dada, seolah-olah dipegang oleh tangan jenazah], id: kawangen, MELAMBANGKAN: [tanda doa restu, sikap amusti karana seolah-olah layon ikut sembahyang]})","[:DILETAKKAN_DI {raw_relation: DILETAKKAN_DI, sentence_id: 3544, confidence: HIGH}]","(:Node:ISTILAH_UMUM_RITUAL {DILETAKKAN_DI: [balai, balai-balai rumah adat], DIALASI_DENGAN: [daun pisang saba], aliases: [jenazah /pengawak, jenazah atau simbolik, jenazah mendiang, jenazah seseorang, samping jenazah], DIMASUKKAN_KE_DALAM: [kepala terlebih dahulu], DITELENTANGKAN_DI: [pembungkus], DISERTAI: [kekidungan, peti di sampingnya], DIMANDIKAN_DI_ATAS: [balai-balai rumah adat], DIBUNGKUS: [tiga lapis], DIPAKAIKAN: [pakaian putih-putih], DIBERI: [sesisir pisang, pakaian seperti layaknya orang masih hidup], DIKUBUR: [segera], DIPINDAHKAN_DARI: [rumah adat], HARUS_DIBIARKAN: [sebentar sebelum dibuka pakaiannya], MENJADI: [sasaran segala kegiatan], id: jenazah, DIHIAS_SEOLAH_OLAH: [pergi menghadiri undangan atau ke pura], MEMAKAI: [cincin, gelang, kalung], DITUTUP_DENGAN: [kain putih dari ujung kepala hingga ujung kaki], DIGULUNG_DENGAN: [kain yang telah dirajah, tikar], DIUSUNG_KE: [tempat penusangan], DIBERSIHKAN_DARI: [hal-hal yang lain, kotoran-kotoran yang telah lama berada pada badan orang yang meninggal], HARUS_MELALUI: [ujung pepaga/asagan yang di teben barat], DIIKAT_DENGAN: [tali ktekung], DIKERINGKAN_DENGAN: [kain kering], DITUTUPI_DENGAN: [kain putih panjang kira-kira 2 sampai 2,5 meter], MENJALANI: [rangkaian upacara lain sebelum dibawa ke setra jika diaben], name: jenazah, DIBAWA_KE: [tempat pemandian, balai-balai, setra untuk segera dikuburkan bukan diaben], DIANGGAP_SEBAGAI: [orang yang masih hidup], DIBARINGKAN: [balai-balai], MENUJU: [bale dari arah teben menuju luanan/hulu], MEMBUJUR_KE: [kepala di utara atau timur]})"
"(:Node:SARANA_RITUAL {DILETAKKAN_DI: [hulu hati, kedua lutut kaki], BERISI: [lima buah lembaran-lembaran daun sirih, bunga tunjung putih, pusuh bunga cempaka kuning], DIIKAT_DENGAN: [tali benang], DIISI_DENGAN: [bawang putih sebagai lambang kuku di ujungnya], name: kawangen, DIISI: [11 kepeng ditaruh pada setiap persendian/buku-buku, 25 kepeng untuk pebaktian jenazah ditaruh di dada, seolah-olah dipegang oleh tangan jenazah], id: kawangen, MELAMBANGKAN: [tanda doa restu, sikap amusti karana seolah-olah layon ikut sembahyang]})","[:BERISI {raw_relation: BERISI, sentence_id: 3753, confidence: MED}]","(:Node:SARANA_RITUAL {DIIKAT_DENGAN: [benang tridatu merah, hitam dan putih, benang tridatu], aliases: [5 biji uang kepeng, 7 biji uang kepeng, 9 biji uang kepeng, pipis bolong, sejumlah uang kepeng, wang kepeng/bolong], name: uang kepeng, id: uang_kepeng})"
"(:Node:SARANA_RITUAL {DILETAKKAN_DI: [hulu hati, kedua lutut kaki], BERISI: [lima buah lembaran-lembaran daun sirih, bunga tunjung putih, pusuh bunga cempaka kuning], DIIKAT_DENGAN: [tali benang], DIISI_DENGAN: [bawang putih sebagai lambang kuku di ujungnya], name: kawangen, DIISI: [11 kepeng ditaruh pada setiap persendian/buku-buku, 25 kepeng untuk pebaktian jenazah ditaruh di dada, seolah-olah dipegang oleh tangan jenazah], id: kawangen, MELAMBANGKAN: [tanda doa restu, sikap amusti karana seolah-olah layon ikut sembahyang]})","[:DIISI_DENGAN {raw_relation: DIISI_DENGAN, sentence_id: 3141, confidence: MED}]","(:Node:SARANA_RITUAL {DIIKAT_DENGAN: [benang tridatu merah, hitam dan putih, benang tridatu], aliases: [5 biji uang kepeng, 7 biji uang kepeng, 9 biji uang kepeng, pipis bolong, sejumlah uang kepeng, wang kepeng/bolong], name: uang kepeng, id: uang_kepeng})"
"(:Node:SARANA_RITUAL {DILETAKKAN_DI: [hulu hati, kedua lutut kaki], BERISI: [lima buah lembaran-lembaran daun sirih, bunga tunjung putih, pusuh bunga cempaka kuning], DIIKAT_DENGAN: [tali benang], DIISI_DENGAN: [bawang putih sebagai lambang kuku di ujungnya], name: kawangen, DIISI: [11 kepeng ditaruh pada setiap persendian/buku-buku, 25 kepeng untuk pebaktian jenazah ditaruh di dada, seolah-olah dipegang oleh tangan jenazah], id: kawangen, MELAMBANGKAN: [tanda doa restu, sikap amusti karana seolah-olah layon ikut sembahyang]})","[:DIKUMPULKAN {raw_relation: DIKUMPULKAN, sentence_id: 3963, confidence: MED}]","(:Node:TAHAPAN_UPACARA {name: setelah upacara sembah bhakti, id: setelah_upacara_sembah_bhakti})"
"(:Node:SARANA_RITUAL {name: kawangen di samping jenazah, BERTUJUAN_AGAR: [perjalanan roh yang meninggal tidak mendapat halangan], id: kawangen_di_samping_jenazah})",[:TERMASUK_JENIS],"(:Node:SARANA_RITUAL {DILETAKKAN_DI: [hulu hati, kedua lutut kaki], BERISI: [lima buah lembaran-lembaran daun sirih, bunga tunjung putih, pusuh bunga cempaka kuning], DIIKAT_DENGAN: [tali benang], DIISI_DENGAN: [bawang putih sebagai lambang kuku di ujungnya], name: kawangen, DIISI: [11 kepeng ditaruh pada setiap persendian/buku-buku, 25 kepeng untuk pebaktian jenazah ditaruh di dada, seolah-olah dipegang oleh tangan jenazah], id: kawangen, MELAMBANGKAN: [tanda doa restu, sikap amusti karana seolah-olah layon ikut sembahyang]})"
"(:Node:SARANA_RITUAL {name: kawangen di tangan, id: kawangen_di_tangan})",[:TERMASUK_JENIS],"(:Node:SARANA_RITUAL {DILETAKKAN_DI: [hulu hati, kedua lutut kaki], BERISI: [lima buah lembaran-lembaran daun sirih, bunga tunjung putih, pusuh bunga cempaka kuning], DIIKAT_DENGAN: [tali benang], DIISI_DENGAN: [bawang putih sebagai lambang kuku di ujungnya], name: kawangen, DIISI: [11 kepeng ditaruh pada setiap persendian/buku-buku, 25 kepeng untuk pebaktian jenazah ditaruh di dada, seolah-olah dipegang oleh tangan jenazah], id: kawangen, MELAMBANGKAN: [tanda doa restu, sikap amusti karana seolah-olah layon ikut sembahyang]})"
"(:Node:SARANA_RITUAL {DILETAKKAN_DI: [telapak kaki, telapak tangan], name: kawangen jeriji, id: kawangen_jeriji})",[:TERMASUK_JENIS],"(:Node:SARANA_RITUAL {DILETAKKAN_DI: [hulu hati, kedua lutut kaki], BERISI: [lima buah lembaran-lembaran daun sirih, bunga tunjung putih, pusuh bunga cempaka kuning], DIIKAT_DENGAN: [tali benang], DIISI_DENGAN: [bawang putih sebagai lambang kuku di ujungnya], name: kawangen, DIISI: [11 kepeng ditaruh pada setiap persendian/buku-buku, 25 kepeng untuk pebaktian jenazah ditaruh di dada, seolah-olah dipegang oleh tangan jenazah], id: kawangen, MELAMBANGKAN: [tanda doa restu, sikap amusti karana seolah-olah layon ikut sembahyang]})"
"(:Node:ISTILAH_UMUM_RITUAL:Isolated {name: kelompok ini, definition: paksa mahayana kendaraan besar, id: kelompok_ini})",null,null
"(:Node:ISTILAH_UMUM_RITUAL:Isolated {BERTUGAS_MENGANGKUT: [masyarakat manusia ke alam sana], name: kelompok paksa mahayana, id: kelompok_paksa_mahayana})",null,null
"(:Node:ISTILAH_UMUM_RITUAL {name: keluarga/masyarakat, id: keluarga_masyarakat})","[:DILARANG {raw_relation: DILARANG, sentence_id: 3296, confidence: LOW}]","(:Node:ISTILAH_UMUM_RITUAL {name: tergesa-gesa memandikan jenazah, id: tergesa_gesa_memandikan_jenazah})"
"(:Node:ISTILAH_UMUM_RITUAL:Isolated {BAGIAN_DARI: [standar kedudukan seseorang di masyarakat], name: kemampuan sosial ekonomi, id: kemampuan_sosial_ekonomi})",null,null
"(:Node:ISTILAH_UMUM_RITUAL:Isolated {DIALASI_DENGAN: [bantal biasa bantal kapuk], name: kepala jenazah, id: kepala_jenazah})",null,null
"(:Node:ISTILAH_UMUM_RITUAL:Isolated {name: kepercayaan setempat, definition: kepercayaan lokal, id: kepercayaan_setempat})",null,null
"(:Node:ISTILAH_UMUM_RITUAL:Isolated {name: kesuna bawang putih, id: kesuna_bawang_putih, BERMAKNA: [agar orang yang numitis kembali memiliki kuku-kuku yang indah dan putih bersih]})",null,null
"(:Node:SARANA_RITUAL {name: klungah nyuh gading/suku tunggal, id: klungah_nyuh_gading_suku_tunggal})",[:TERMASUK_JENIS],"(:Node:SARANA_RITUAL {name: klungah, id: klungah})"
"(:Node:ISTILAH_UMUM_RITUAL:Isolated {name: kojong, id: kojong, TERBUAT_DARI: [daun pisang]})",null,null
"(:Node:ISTILAH_UMUM_RITUAL:Isolated {BERISI: [lima buah gulungan base daun sirih], name: kojong kawangen jeriji, id: kojong_kawangen_jeriji})",null,null
"(:Node:STRUKTUR_SOSIAL_ADAT {name: krama atau keluarga, id: krama_atau_keluarga})","[:MENGAMBIL {raw_relation: MENGAMBIL, sentence_id: 3339, confidence: MED}]","(:Node:ISTILAH_UMUM_RITUAL {DILETAKKAN_DI: [balai, balai-balai rumah adat], DIALASI_DENGAN: [daun pisang saba], aliases: [jenazah /pengawak, jenazah atau simbolik, jenazah mendiang, jenazah seseorang, samping jenazah], DIMASUKKAN_KE_DALAM: [kepala terlebih dahulu], DITELENTANGKAN_DI: [pembungkus], DISERTAI: [kekidungan, peti di sampingnya], DIMANDIKAN_DI_ATAS: [balai-balai rumah adat], DIBUNGKUS: [tiga lapis], DIPAKAIKAN: [pakaian putih-putih], DIBERI: [sesisir pisang, pakaian seperti layaknya orang masih hidup], DIKUBUR: [segera], DIPINDAHKAN_DARI: [rumah adat], HARUS_DIBIARKAN: [sebentar sebelum dibuka pakaiannya], MENJADI: [sasaran segala kegiatan], id: jenazah, DIHIAS_SEOLAH_OLAH: [pergi menghadiri undangan atau ke pura], MEMAKAI: [cincin, gelang, kalung], DITUTUP_DENGAN: [kain putih dari ujung kepala hingga ujung kaki], DIGULUNG_DENGAN: [kain yang telah dirajah, tikar], DIUSUNG_KE: [tempat penusangan], DIBERSIHKAN_DARI: [hal-hal yang lain, kotoran-kotoran yang telah lama berada pada badan orang yang meninggal], HARUS_MELALUI: [ujung pepaga/asagan yang di teben barat], DIIKAT_DENGAN: [tali ktekung], DIKERINGKAN_DENGAN: [kain kering], DITUTUPI_DENGAN: [kain putih panjang kira-kira 2 sampai 2,5 meter], MENJALANI: [rangkaian upacara lain sebelum dibawa ke setra jika diaben], name: jenazah, DIBAWA_KE: [tempat pemandian, balai-balai, setra untuk segera dikuburkan bukan diaben], DIANGGAP_SEBAGAI: [orang yang masih hidup], DIBARINGKAN: [balai-balai], MENUJU: [bale dari arah teben menuju luanan/hulu], MEMBUJUR_KE: [kepala di utara atau timur]})"
"(:Node:ISTILAH_UMUM_RITUAL {name: krama masyarakat banjar, id: krama_masyarakat_banjar})","[:MEMBUAT {raw_relation: MEMBUAT, sentence_id: 3330, confidence: LOW}]","(:Node:BANGUNAN_RITUAL {name: bale-bale tempat memandikan mayat, id: bale_bale_tempat_memandikan_mayat})"
"(:Node:ISTILAH_UMUM_RITUAL {name: kwangen setiap gulungan, id: kwangen_setiap_gulungan})","[:DIISI_DENGAN {raw_relation: DIISI_DENGAN, sentence_id: 3142, confidence: MED}]","(:Node:SARANA_RITUAL {DIIKAT_DENGAN: [benang tridatu merah, hitam dan putih, benang tridatu], aliases: [5 biji uang kepeng, 7 biji uang kepeng, 9 biji uang kepeng, pipis bolong, sejumlah uang kepeng, wang kepeng/bolong], name: uang kepeng, id: uang_kepeng})"
"(:Node:SARANA_RITUAL {name: lancingan, id: lancingan})","[:ADALAH {raw_relation: ADALAH, sentence_id: 1602, confidence: MED}]","(:Node:SARANA_RITUAL {name: kain putih panjangnya puluhan meter, id: kain_putih_panjangnya_puluhan_meter})"
"(:Node:SARANA_RITUAL {name: lancingan kajang, id: lancingan_kajang})",[:TERMASUK_JENIS],"(:Node:SARANA_RITUAL {name: lancingan, id: lancingan})"
"(:Node:SARANA_RITUAL {name: lancingan kajang, id: lancingan_kajang})","[:DIJUNJUNG_OLEH {raw_relation: DIJUNJUNG_OLEH, sentence_id: 1603, confidence: LOW}]","(:Node:ISTILAH_UMUM_RITUAL {name: segenap keturunan mendiang, id: segenap_keturunan_mendiang})"
"(:Node:ISTILAH_UMUM_RITUAL {name: layon, id: layon})","[:DIGULUNG_DENGAN {raw_relation: DIGULUNG_DENGAN, sentence_id: 215, confidence: HIGH}]","(:Node:SARANA_RITUAL {name: kain putih, id: kain_putih})"
"(:Node:ISTILAH_UMUM_RITUAL {name: layon, id: layon})","[:DILETAKKAN_DI {raw_relation: DILETAKKAN_DI, sentence_id: 215, confidence: HIGH}]","(:Node:BANGUNAN_RITUAL {name: saka roras, id: saka_roras})"
"(:Node:ISTILAH_UMUM_RITUAL {name: layon, id: layon})","[:DILETAKKAN_DI {raw_relation: DILETAKKAN_DI, sentence_id: 215, confidence: HIGH}]","(:Node:BANGUNAN_RITUAL {name: bale gede, id: bale_gede})"
"(:Node:SARANA_RITUAL {BERISI: [tembakau], DIIKAT_DENGAN: [benang putih], DIISI_DENGAN: [bawang putih], name: lekesan, id: lekesan})","[:DIMASUKKAN_KE_DALAM {raw_relation: DIMASUKKAN_KE_DALAM, sentence_id: 3134, confidence: MED}]","(:Node:SARANA_RITUAL {name: lubang satu uang kepeng, id: lubang_satu_uang_kepeng})"
"(:Node:SARANA_RITUAL {BERISI: [tembakau], DIIKAT_DENGAN: [benang putih], DIISI_DENGAN: [bawang putih], name: lekesan, id: lekesan})","[:DITEMPELKAN_DI {raw_relation: DITEMPELKAN_DI, sentence_id: 3496, confidence: MED}]","(:Node:ISTILAH_UMUM_RITUAL {name: gigi jenazah istilah_umum_ritual, id: gigi_jenazah_istilah_umum_ritual})"
"(:Node:SARANA_RITUAL {name: leluwur, id: leluwur})","[:BERUPA {raw_relation: BERUPA, sentence_id: 358, confidence: MED}]","(:Node:SARANA_RITUAL {name: kain putih, id: kain_putih})"
"(:Node:KONSEP_FILOSOFIS {name: lingga sarira pitara, id: lingga_sarira_pitara})","[:BERUNSUR {raw_relation: BERUNSUR, sentence_id: 1588, confidence: MED}]","(:Node:KONSEP_FILOSOFIS {name: akasa, id: akasa, MELAMBANGKAN: [rongga tubuh]})"
"(:Node:KONSEP_FILOSOFIS {name: lingga sarira pitara, id: lingga_sarira_pitara})","[:BERUNSUR {raw_relation: BERUNSUR, sentence_id: 1588, confidence: MED}]","(:Node:KONSEP_FILOSOFIS {name: bayu, id: bayu, MELAMBANGKAN: [napas, udara]})"
"(:Node:SARANA_RITUAL {TERDIRI_DARI: [benang tatebus, bersihan payasan, coblong, gelar sanga, padma, raka-raka, rangkadan, sampian pusung, tipat], name: lis bale gading, id: lis_bale_gading})","[:TERDIRI_DARI {raw_relation: TERDIRI_DARI, sentence_id: 3196, confidence: MED}]","(:Node:SARANA_RITUAL {name: lis amuan-amuan, id: lis_amuan_amuan})"
"(:Node:SARANA_RITUAL {TERDIRI_DARI: [benang tatebus, bersihan payasan, coblong, gelar sanga, padma, raka-raka, rangkadan, sampian pusung, tipat], name: lis bale gading, id: lis_bale_gading})","[:TERDIRI_DARI {raw_relation: TERDIRI_DARI, sentence_id: 3196, confidence: MED}]","(:Node:BANGUNAN_RITUAL {name: sanggah urip, id: sanggah_urip})"
"(:Node:SARANA_RITUAL {TERDIRI_DARI: [benang tatebus, bersihan payasan, coblong, gelar sanga, padma, raka-raka, rangkadan, sampian pusung, tipat], name: lis bale gading, id: lis_bale_gading})","[:TERDIRI_DARI {raw_relation: TERDIRI_DARI, sentence_id: 3196, confidence: MED}]","(:Node:SARANA_RITUAL {name: sasap, id: sasap})"
"(:Node:SARANA_RITUAL {TERDIRI_DARI: [benang tatebus, bersihan payasan, coblong, gelar sanga, padma, raka-raka, rangkadan, sampian pusung, tipat], name: lis bale gading, id: lis_bale_gading})","[:TERDIRI_DARI {raw_relation: TERDIRI_DARI, sentence_id: 3196, confidence: MED}]","(:Node:SARANA_RITUAL {name: sorohan, id: sorohan})"
"(:Node:SARANA_RITUAL {TERDIRI_DARI: [benang tatebus, bersihan payasan, coblong, gelar sanga, padma, raka-raka, rangkadan, sampian pusung, tipat], name: lis bale gading, id: lis_bale_gading})","[:TERDIRI_DARI {raw_relation: TERDIRI_DARI, sentence_id: 3196, confidence: MED}]","(:Node:SARANA_RITUAL {name: sorohan kecil, id: sorohan_kecil})"
"(:Node:SARANA_RITUAL {TERDIRI_DARI: [benang tatebus, bersihan payasan, coblong, gelar sanga, padma, raka-raka, rangkadan, sampian pusung, tipat], name: lis bale gading, id: lis_bale_gading})","[:TERDIRI_DARI {raw_relation: TERDIRI_DARI, sentence_id: 3196, confidence: MED}]","(:Node:SARANA_RITUAL {name: daksina, definition: penegasan secara formal bahwa yadnya sudah selesai siddhaning yadnya, id: daksina})"
"(:Node:ISTILAH_UMUM_RITUAL {name: logam campuran, id: logam_campuran, BERWARNA: [manca warna]})","[:BERDEWA {raw_relation: BERDEWA, sentence_id: 3758, confidence: LOW}]","(:Node:ENTITAS_KEAGAMAAN {name: dewa siwa, id: dewa_siwa})"
"(:Node:NASKAH_SUCI {name: lontar, id: lontar})","[:MERINCI {raw_relation: MERINCI, sentence_id: 1854, confidence: MED}]","(:Node:KONSEP_FILOSOFIS {MEWUJUDKAN: [bayangan diri dalam air ening], aliases: [atma pitara, pitra dalam ngangsen, pitra mendiang], MENINGKAT_KEDUDUKAN_MENJADI: [bhatara atau bhatari sejak selesainya patileman], DIBUATKAN: [perlambang yang disebut sekah kangsen], MENYAKSIKAN: [anak cucunya melakukan upacara manusa yadnya tersebut], BARU_LEPAS_PERTALIAN_DENGAN: [stulasarira nya], MENERIMA: [dua buah daksina tapakan dibuat untuknya], DAPAT_MEMASUKI: [alam bwah loka tumpuan menuju alam swah loka], MENGELUPASI: [suksmasarira yang merupakan kulit dirinya], name: pitra, definition: atma yang masih bersuksmasarira, id: pitra, MEMAKAI: [wujud tersebut selaku pralingga perlambang diri yang dihuni]})"
"(:Node:NASKAH_SUCI {name: lontar putru, id: lontar_putru})",[:TERMASUK_JENIS],"(:Node:NASKAH_SUCI {name: lontar, id: lontar})"
"(:Node:NASKAH_SUCI {name: lontar putru, id: lontar_putru})","[:MEMILIKI_JENIS {raw_relation: MEMILIKI_JENIS, sentence_id: 1853, confidence: MED}]","(:Node:NASKAH_SUCI {name: putru saji, id: putru_saji})"
"(:Node:NASKAH_SUCI {name: lontar putru, id: lontar_putru})","[:MEMILIKI_JENIS {raw_relation: MEMILIKI_JENIS, sentence_id: 1853, confidence: MED}]","(:Node:NASKAH_SUCI {name: putru sangaskara, id: putru_sangaskara})"
"(:Node:KONSEP_FILOSOFIS:Isolated {name: mahabutha, definition: asal materi yang jauh lebih halus dari benda lebih halus dari abu, id: mahabutha})",null,null
"(:Node:KONSEP_HUKUM_ADAT:Isolated {name: malamasa, definition: sasih yang ditampih atau diduakalikan, id: malamasa})",null,null
"(:Node:SARANA_RITUAL:Isolated {DIPULUNG: [kelereng, minimal dua buah], aliases: [malem di atas takir], name: malem, id: malem, DIPAKAI_UNTUK: [ditaruh pada kedua lubang kuping jenazah ketika upacara melelet]})",null,null
"(:Node:RITUAL_KEMATIAN {name: mamukur dan upacara sebangsa, id: mamukur_dan_upacara_sebangsa, DILINDUNGI_DENGAN: [upaya penyucian wilayah yang ketat dengan berbagai pantangannya]})",[:TERMASUK_JENIS],"(:Node:TAHAPAN_UPACARA {aliases: [atma wedana, jenis atma wedana masing-masing, patileman], DITUJUKAN_UNTUK: [mendiang baru dapat diadakan setelah mungkin lima atau sepuluh tahun kemudian], name: ngerorasin, MEMILIKI: [beberapa jenis, nama dan ciri-ciri tersendiri], definition: yadnya yang tidak bersifat sebel, id: ngerorasin})"
"(:Node:TAHAPAN_UPACARA {BERASAL_DARI_KATA: [putru], name: mamutru, id: mamutru})","[:MERUPAKAN_PERUBAHAN_DARI {raw_relation: MERUPAKAN_PERUBAHAN_DARI, sentence_id: 1850, confidence: MED}]","(:Node:KONSEP_FILOSOFIS {MEWUJUDKAN: [bayangan diri dalam air ening], aliases: [atma pitara, pitra dalam ngangsen, pitra mendiang], MENINGKAT_KEDUDUKAN_MENJADI: [bhatara atau bhatari sejak selesainya patileman], DIBUATKAN: [perlambang yang disebut sekah kangsen], MENYAKSIKAN: [anak cucunya melakukan upacara manusa yadnya tersebut], BARU_LEPAS_PERTALIAN_DENGAN: [stulasarira nya], MENERIMA: [dua buah daksina tapakan dibuat untuknya], DAPAT_MEMASUKI: [alam bwah loka tumpuan menuju alam swah loka], MENGELUPASI: [suksmasarira yang merupakan kulit dirinya], name: pitra, definition: atma yang masih bersuksmasarira, id: pitra, MEMAKAI: [wujud tersebut selaku pralingga perlambang diri yang dihuni]})"
"(:Node:KONSEP_FILOSOFIS {DICABUT_DENGAN: [puja pendeta], aliases: [manah mendiang], name: manah, id: manah})","[:DILETAKKAN_DI {raw_relation: DILETAKKAN_DI, sentence_id: 1647, confidence: HIGH}]","(:Node:SARANA_RITUAL {name: angenan, id: angenan, TERBUAT_DARI: [kulit telur ayam berminyak kelapa]})"
"(:Node:KONSEP_FILOSOFIS {name: manah tirtha ening, definition: pawai yang bernilai seni, lebih-lebih yang untuk pamukuran, id: manah_tirtha_ening})",[:TERMASUK_JENIS],"(:Node:KONSEP_FILOSOFIS {DICABUT_DENGAN: [puja pendeta], aliases: [manah mendiang], name: manah, id: manah})"
"(:Node:SARANA_RITUAL {name: mangle, id: mangle})","[:DILETAKKAN_DI {raw_relation: DILETAKKAN_DI, sentence_id: 2028, confidence: MED}]","(:Node:SARANA_RITUAL {name: sudut atap bade, id: sudut_atap_bade})"
"(:Node:SARANA_RITUAL {name: mangle, id: mangle})","[:DILETAKKAN_DI {raw_relation: DILETAKKAN_DI, sentence_id: 2028, confidence: MED}]","(:Node:SARANA_RITUAL {name: sudut atap wadah, id: sudut_atap_wadah})"
"(:Node:SARANA_RITUAL {name: mangle, id: mangle})","[:ADALAH {raw_relation: ADALAH, sentence_id: 2034, confidence: MED}]","(:Node:SARANA_RITUAL {name: pengganti tingkat bade atau wadah, id: pengganti_tingkat_bade_atau_wadah})"
"(:Node:SARANA_RITUAL {name: mangle, id: mangle})","[:DIGANTUNGKAN_DI {raw_relation: DIGANTUNGKAN_DI, sentence_id: 2028, confidence: MED}]","(:Node:SARANA_RITUAL {name: masing-masing tingkatan bade atau wadah, id: masing_masing_tingkatan_bade_atau_wadah})"
"(:Node:SARANA_RITUAL {name: mangle, id: mangle})","[:BERGANTUNG_PADA {raw_relation: BERGANTUNG_PADA, sentence_id: 2029, confidence: MED}]","(:Node:SARANA_RITUAL {name: tingkatan bade atau wadah, id: tingkatan_bade_atau_wadah})"
"(:Node:ISTILAH_UMUM_RITUAL:Isolated {name: manusia, id: manusia, DINILAI_SEBAGAI: [pihak berhutang]})",null,null
"(:Node:TAHAPAN_UPACARA:Isolated {name: mapegat, MEMILIKI: [makna krusial untuk memutus ikatan emosional dan duniawi antara mendiang niskala dengan keluarga skala], id: mapegat})",null,null
"(:Node:ISTILAH_UMUM_RITUAL:Isolated {MELAKUKAN: [upacara mesaji (atau memunjung), ketika jenazah masih di atas pepaga/asagan], name: masyarakat setempat, id: masyarakat_setempat})",null,null
"(:Node:ISTILAH_UMUM_RITUAL {AKRAB_DENGAN: [penghadang], MENYERAHKAN: [beban, hak dan berbagai milik yang dulunya ada pada mendiang, tanggung jawab], MENGALAMI: [perubahan wujud], DITERIMA_SEBAGAI: [warga baru dalam pergaulan alam roh], BERUBAH_DARI_SUKSMA_SARIRA_MENJADI: [tanpa berbadan sama sekali atau atma tattwatma], MEMPEROLEH_DARI: [pendeta], DIBERI: [ampun], MEMPEROLEH: [ayaban upakara diuskamaligi yang bermakna penyucian, kemantapan, kesucian, ketenangan, situasi demikian di alam lain], name: mendiang, MEMEGANG: [jabatan], MEMILIKI: [ikatan erat dengan masyarakat, pertalian intim dengan soal duniawi material, cucu-cucu, keponakan], id: mendiang, DIANGGAP_SEBAGAI: [seseorang yang masih hidup]})","[:ADALAH {raw_relation: ADALAH, sentence_id: 1738, confidence: HIGH}]","(:Node:ENTITAS_KEAGAMAAN {name: pemangku, id: pemangku})"
"(:Node:ISTILAH_UMUM_RITUAL {AKRAB_DENGAN: [penghadang], MENYERAHKAN: [beban, hak dan berbagai milik yang dulunya ada pada mendiang, tanggung jawab], MENGALAMI: [perubahan wujud], DITERIMA_SEBAGAI: [warga baru dalam pergaulan alam roh], BERUBAH_DARI_SUKSMA_SARIRA_MENJADI: [tanpa berbadan sama sekali atau atma tattwatma], MEMPEROLEH_DARI: [pendeta], DIBERI: [ampun], MEMPEROLEH: [ayaban upakara diuskamaligi yang bermakna penyucian, kemantapan, kesucian, ketenangan, situasi demikian di alam lain], name: mendiang, MEMEGANG: [jabatan], MEMILIKI: [ikatan erat dengan masyarakat, pertalian intim dengan soal duniawi material, cucu-cucu, keponakan], id: mendiang, DIANGGAP_SEBAGAI: [seseorang yang masih hidup]})","[:MEMPEROLEH {raw_relation: MEMPEROLEH, sentence_id: 2762, confidence: MED}]","(:Node:KONSEP_FILOSOFIS {LAINNYA: [jalan yang harus ditempuh], name: upanisad, id: upanisad})"
"(:Node:ISTILAH_UMUM_RITUAL {AKRAB_DENGAN: [penghadang], MENYERAHKAN: [beban, hak dan berbagai milik yang dulunya ada pada mendiang, tanggung jawab], MENGALAMI: [perubahan wujud], DITERIMA_SEBAGAI: [warga baru dalam pergaulan alam roh], BERUBAH_DARI_SUKSMA_SARIRA_MENJADI: [tanpa berbadan sama sekali atau atma tattwatma], MEMPEROLEH_DARI: [pendeta], DIBERI: [ampun], MEMPEROLEH: [ayaban upakara diuskamaligi yang bermakna penyucian, kemantapan, kesucian, ketenangan, situasi demikian di alam lain], name: mendiang, MEMEGANG: [jabatan], MEMILIKI: [ikatan erat dengan masyarakat, pertalian intim dengan soal duniawi material, cucu-cucu, keponakan], id: mendiang, DIANGGAP_SEBAGAI: [seseorang yang masih hidup]})","[:BERPERAN_SEBAGAI {raw_relation: BERPERAN_SEBAGAI, sentence_id: 2812, confidence: HIGH}]","(:Node:KONSEP_FILOSOFIS {MEWUJUDKAN: [bayangan diri dalam air ening], aliases: [atma pitara, pitra dalam ngangsen, pitra mendiang], MENINGKAT_KEDUDUKAN_MENJADI: [bhatara atau bhatari sejak selesainya patileman], DIBUATKAN: [perlambang yang disebut sekah kangsen], MENYAKSIKAN: [anak cucunya melakukan upacara manusa yadnya tersebut], BARU_LEPAS_PERTALIAN_DENGAN: [stulasarira nya], MENERIMA: [dua buah daksina tapakan dibuat untuknya], DAPAT_MEMASUKI: [alam bwah loka tumpuan menuju alam swah loka], MENGELUPASI: [suksmasarira yang merupakan kulit dirinya], name: pitra, definition: atma yang masih bersuksmasarira, id: pitra, MEMAKAI: [wujud tersebut selaku pralingga perlambang diri yang dihuni]})"
"(:Node:ISTILAH_UMUM_RITUAL {AKRAB_DENGAN: [penghadang], MENYERAHKAN: [beban, hak dan berbagai milik yang dulunya ada pada mendiang, tanggung jawab], MENGALAMI: [perubahan wujud], DITERIMA_SEBAGAI: [warga baru dalam pergaulan alam roh], BERUBAH_DARI_SUKSMA_SARIRA_MENJADI: [tanpa berbadan sama sekali atau atma tattwatma], MEMPEROLEH_DARI: [pendeta], DIBERI: [ampun], MEMPEROLEH: [ayaban upakara diuskamaligi yang bermakna penyucian, kemantapan, kesucian, ketenangan, situasi demikian di alam lain], name: mendiang, MEMEGANG: [jabatan], MEMILIKI: [ikatan erat dengan masyarakat, pertalian intim dengan soal duniawi material, cucu-cucu, keponakan], id: mendiang, DIANGGAP_SEBAGAI: [seseorang yang masih hidup]})","[:MENYERAHKAN {raw_relation: MENYERAHKAN, sentence_id: 1783, confidence: MED}]","(:Node:KONSEP_HUKUM_ADAT {BERTUJUAN_UNTUK: [mamari-suddha ( menyucikan ) dunia ini], name: swadharma, id: swadharma})"
"(:Node:ISTILAH_UMUM_RITUAL {AKRAB_DENGAN: [penghadang], MENYERAHKAN: [beban, hak dan berbagai milik yang dulunya ada pada mendiang, tanggung jawab], MENGALAMI: [perubahan wujud], DITERIMA_SEBAGAI: [warga baru dalam pergaulan alam roh], BERUBAH_DARI_SUKSMA_SARIRA_MENJADI: [tanpa berbadan sama sekali atau atma tattwatma], MEMPEROLEH_DARI: [pendeta], DIBERI: [ampun], MEMPEROLEH: [ayaban upakara diuskamaligi yang bermakna penyucian, kemantapan, kesucian, ketenangan, situasi demikian di alam lain], name: mendiang, MEMEGANG: [jabatan], MEMILIKI: [ikatan erat dengan masyarakat, pertalian intim dengan soal duniawi material, cucu-cucu, keponakan], id: mendiang, DIANGGAP_SEBAGAI: [seseorang yang masih hidup]})","[:LAHIR_DALAM_WUJUD {raw_relation: LAHIR_DALAM_WUJUD, sentence_id: 2752, confidence: MED}]","(:Node:SARANA_RITUAL {aliases: [mendiang dalam wujud sekah], DIALASI: [meja rendah], name: sekah, DIAJAK_BERKOMUNIKASI_OLEH: [keluarga], DIMASUKKAN_MELALUI: [pintu belakang], id: sekah, MEMBELAKANGI: [pendeta]})"
"(:Node:ISTILAH_UMUM_RITUAL {AKRAB_DENGAN: [penghadang], MENYERAHKAN: [beban, hak dan berbagai milik yang dulunya ada pada mendiang, tanggung jawab], MENGALAMI: [perubahan wujud], DITERIMA_SEBAGAI: [warga baru dalam pergaulan alam roh], BERUBAH_DARI_SUKSMA_SARIRA_MENJADI: [tanpa berbadan sama sekali atau atma tattwatma], MEMPEROLEH_DARI: [pendeta], DIBERI: [ampun], MEMPEROLEH: [ayaban upakara diuskamaligi yang bermakna penyucian, kemantapan, kesucian, ketenangan, situasi demikian di alam lain], name: mendiang, MEMEGANG: [jabatan], MEMILIKI: [ikatan erat dengan masyarakat, pertalian intim dengan soal duniawi material, cucu-cucu, keponakan], id: mendiang, DIANGGAP_SEBAGAI: [seseorang yang masih hidup]})","[:BERPAMITAN_KEPADA {raw_relation: BERPAMITAN_KEPADA, sentence_id: 1523, confidence: MED}]","(:Node:ENTITAS_KEAGAMAAN {name: hyang prajapati, id: hyang_prajapati})"
"(:Node:ISTILAH_UMUM_RITUAL {AKRAB_DENGAN: [penghadang], MENYERAHKAN: [beban, hak dan berbagai milik yang dulunya ada pada mendiang, tanggung jawab], MENGALAMI: [perubahan wujud], DITERIMA_SEBAGAI: [warga baru dalam pergaulan alam roh], BERUBAH_DARI_SUKSMA_SARIRA_MENJADI: [tanpa berbadan sama sekali atau atma tattwatma], MEMPEROLEH_DARI: [pendeta], DIBERI: [ampun], MEMPEROLEH: [ayaban upakara diuskamaligi yang bermakna penyucian, kemantapan, kesucian, ketenangan, situasi demikian di alam lain], name: mendiang, MEMEGANG: [jabatan], MEMILIKI: [ikatan erat dengan masyarakat, pertalian intim dengan soal duniawi material, cucu-cucu, keponakan], id: mendiang, DIANGGAP_SEBAGAI: [seseorang yang masih hidup]})","[:BERPAMITAN_KEPADA {raw_relation: BERPAMITAN_KEPADA, sentence_id: 1523, confidence: MED}]","(:Node:BANGUNAN_RITUAL {name: pura dalem, id: pura_dalem})"
"(:Node:ISTILAH_UMUM_RITUAL {AKRAB_DENGAN: [penghadang], MENYERAHKAN: [beban, hak dan berbagai milik yang dulunya ada pada mendiang, tanggung jawab], MENGALAMI: [perubahan wujud], DITERIMA_SEBAGAI: [warga baru dalam pergaulan alam roh], BERUBAH_DARI_SUKSMA_SARIRA_MENJADI: [tanpa berbadan sama sekali atau atma tattwatma], MEMPEROLEH_DARI: [pendeta], DIBERI: [ampun], MEMPEROLEH: [ayaban upakara diuskamaligi yang bermakna penyucian, kemantapan, kesucian, ketenangan, situasi demikian di alam lain], name: mendiang, MEMEGANG: [jabatan], MEMILIKI: [ikatan erat dengan masyarakat, pertalian intim dengan soal duniawi material, cucu-cucu, keponakan], id: mendiang, DIANGGAP_SEBAGAI: [seseorang yang masih hidup]})","[:BERPAMITAN_KEPADA {raw_relation: BERPAMITAN_KEPADA, sentence_id: 1523, confidence: MED}]","(:Node:BANGUNAN_RITUAL {name: sedahan setra, id: sedahan_setra})"
"(:Node:ISTILAH_UMUM_RITUAL {AKRAB_DENGAN: [penghadang], MENYERAHKAN: [beban, hak dan berbagai milik yang dulunya ada pada mendiang, tanggung jawab], MENGALAMI: [perubahan wujud], DITERIMA_SEBAGAI: [warga baru dalam pergaulan alam roh], BERUBAH_DARI_SUKSMA_SARIRA_MENJADI: [tanpa berbadan sama sekali atau atma tattwatma], MEMPEROLEH_DARI: [pendeta], DIBERI: [ampun], MEMPEROLEH: [ayaban upakara diuskamaligi yang bermakna penyucian, kemantapan, kesucian, ketenangan, situasi demikian di alam lain], name: mendiang, MEMEGANG: [jabatan], MEMILIKI: [ikatan erat dengan masyarakat, pertalian intim dengan soal duniawi material, cucu-cucu, keponakan], id: mendiang, DIANGGAP_SEBAGAI: [seseorang yang masih hidup]})","[:MELAKUKAN {raw_relation: MELAKUKAN, sentence_id: 1523, confidence: MED}]","(:Node:TAHAPAN_UPACARA {name: muspa pamitan, id: muspa_pamitan})"
"(:Node:ISTILAH_UMUM_RITUAL {BAGIAN_DARI: [keluarga sampingan bukan keluarga satu sidikara/saling sembah], name: mendiang keponakan, cucu-cucu, id: mendiang_keponakan_cucu_cucu})",[:TERMASUK_JENIS],"(:Node:ISTILAH_UMUM_RITUAL {AKRAB_DENGAN: [penghadang], MENYERAHKAN: [beban, hak dan berbagai milik yang dulunya ada pada mendiang, tanggung jawab], MENGALAMI: [perubahan wujud], DITERIMA_SEBAGAI: [warga baru dalam pergaulan alam roh], BERUBAH_DARI_SUKSMA_SARIRA_MENJADI: [tanpa berbadan sama sekali atau atma tattwatma], MEMPEROLEH_DARI: [pendeta], DIBERI: [ampun], MEMPEROLEH: [ayaban upakara diuskamaligi yang bermakna penyucian, kemantapan, kesucian, ketenangan, situasi demikian di alam lain], name: mendiang, MEMEGANG: [jabatan], MEMILIKI: [ikatan erat dengan masyarakat, pertalian intim dengan soal duniawi material, cucu-cucu, keponakan], id: mendiang, DIANGGAP_SEBAGAI: [seseorang yang masih hidup]})"
"(:Node:KONSEP_FILOSOFIS:Isolated {name: moksa, definition: kembalinya unsur badan manusia ke asalnya bhuwana agung/pancamahabutha, id: moksa})",null,null
"(:Node:SARANA_RITUAL {DITUJUKAN_UNTUK: [keluarga tertentu saja], name: naga banda, MEMILIKI: [panjang 1.600 depa, makna yang bermacam-macam], definition: boneka naga raksasa, id: naga_banda, DIGUNAKAN_SAAT: [palebon]})","[:DILETAKKAN_DI {raw_relation: DILETAKKAN_DI, sentence_id: 2166, confidence: HIGH}]","(:Node:BANGUNAN_RITUAL {aliases: [ruang bale semanggen], name: bale semanggen, id: bale_semanggen})"
"(:Node:SARANA_RITUAL {DITUJUKAN_UNTUK: [keluarga tertentu saja], name: naga banda, MEMILIKI: [panjang 1.600 depa, makna yang bermacam-macam], definition: boneka naga raksasa, id: naga_banda, DIGUNAKAN_SAAT: [palebon]})","[:BERDAMPINGAN_DENGAN {raw_relation: BERDAMPINGAN_DENGAN, sentence_id: 2166, confidence: MED}]","(:Node:ISTILAH_UMUM_RITUAL {DILETAKKAN_DI: [balai, balai-balai rumah adat], DIALASI_DENGAN: [daun pisang saba], aliases: [jenazah /pengawak, jenazah atau simbolik, jenazah mendiang, jenazah seseorang, samping jenazah], DIMASUKKAN_KE_DALAM: [kepala terlebih dahulu], DITELENTANGKAN_DI: [pembungkus], DISERTAI: [kekidungan, peti di sampingnya], DIMANDIKAN_DI_ATAS: [balai-balai rumah adat], DIBUNGKUS: [tiga lapis], DIPAKAIKAN: [pakaian putih-putih], DIBERI: [sesisir pisang, pakaian seperti layaknya orang masih hidup], DIKUBUR: [segera], DIPINDAHKAN_DARI: [rumah adat], HARUS_DIBIARKAN: [sebentar sebelum dibuka pakaiannya], MENJADI: [sasaran segala kegiatan], id: jenazah, DIHIAS_SEOLAH_OLAH: [pergi menghadiri undangan atau ke pura], MEMAKAI: [cincin, gelang, kalung], DITUTUP_DENGAN: [kain putih dari ujung kepala hingga ujung kaki], DIGULUNG_DENGAN: [kain yang telah dirajah, tikar], DIUSUNG_KE: [tempat penusangan], DIBERSIHKAN_DARI: [hal-hal yang lain, kotoran-kotoran yang telah lama berada pada badan orang yang meninggal], HARUS_MELALUI: [ujung pepaga/asagan yang di teben barat], DIIKAT_DENGAN: [tali ktekung], DIKERINGKAN_DENGAN: [kain kering], DITUTUPI_DENGAN: [kain putih panjang kira-kira 2 sampai 2,5 meter], MENJALANI: [rangkaian upacara lain sebelum dibawa ke setra jika diaben], name: jenazah, DIBAWA_KE: [tempat pemandian, balai-balai, setra untuk segera dikuburkan bukan diaben], DIANGGAP_SEBAGAI: [orang yang masih hidup], DIBARINGKAN: [balai-balai], MENUJU: [bale dari arah teben menuju luanan/hulu], MEMBUJUR_KE: [kepala di utara atau timur]})"
"(:Node:SARANA_RITUAL {DITUJUKAN_UNTUK: [keluarga tertentu saja], name: naga banda, MEMILIKI: [panjang 1.600 depa, makna yang bermacam-macam], definition: boneka naga raksasa, id: naga_banda, DIGUNAKAN_SAAT: [palebon]})","[:DIGUNAKAN_DALAM {raw_relation: DIGUNAKAN_DALAM, sentence_id: 2087, confidence: MED}]","(:Node:RITUAL_KEMATIAN {name: upacara palebon ngaben, id: upacara_palebon_ngaben})"
"(:Node:SARANA_RITUAL {name: naga banda pada palebonnya, id: naga_banda_pada_palebonnya})",[:TERMASUK_JENIS],"(:Node:SARANA_RITUAL {DITUJUKAN_UNTUK: [keluarga tertentu saja], name: naga banda, MEMILIKI: [panjang 1.600 depa, makna yang bermacam-macam], definition: boneka naga raksasa, id: naga_banda, DIGUNAKAN_SAAT: [palebon]})"
"(:Node:TAHAPAN_UPACARA {DILAKUKAN_DENGAN: [memanggil nama almarhum dan mengucapkan kata-kata lemah lembut], name: nanginin, id: nanginin})","[:DILAKUKAN_SEBELUM {raw_relation: DILAKUKAN_SEBELUM, sentence_id: 364, confidence: MED}]","(:Node:ISTILAH_UMUM_RITUAL {name: jenazah diusung ke tempat pemandian, id: jenazah_diusung_ke_tempat_pemandian})"
"(:Node:RITUAL_KEMATIAN {DITEMPUH_DENGAN: [biaya ringan], MEMUPUK: [rasa kebersamaan, rasa kekeluargaan], DIDUKUNG_DENGAN: [sredaning manah atau rasa hati tulus dan ikhlas], BERTUJUAN_POKOK: [merubah jenazah atau benda bekas badan seseorang kembali menjadi pancamahabutha seperti asalnya semula], BERPERAN_SEBAGAI: [ritual yang sangat rigid dan sarat makna], MENJAGA: [harmoni antara manusia, alam, dan sang pencipta], MELAMBANGKAN: [siklus kehidupan, siklus kematian], BERAKAR_PADA: [filosofi pelepasan jiwa (atma) dari ikatan duniawi], BERFUNGSI_SEBAGAI: [mekanisme spiritual pemurnian jiwa, perekat kohesi sosial], name: ngaben, MEMILIKI: [sudut pandang pemaknaan, peran ganda yang saling menguatkan], definition: salah satu yadnya yang paling banyak ragamnya, id: ngaben, BERVARIASI_DALAM: [besar kecilnya biaya, wibawa lahiriah]})","[:MENSYARATKAN {raw_relation: DITUJUKAN_UNTUK, sentence_id: 1409, confidence: MED}]","(:Node:ISTILAH_UMUM_RITUAL {DILETAKKAN_DI: [para-para tempat pembakaran, para-para pembakaran], aliases: [sawa baru, sawa utuh, wujud sawa], DISERTAI: [kakawin], DIIKAT: [sebelas kali], DITANAM_ATAU_DIBAKAR: [dengan status dititip], MENGHADAPI: [upacara pabersihan dengan berbagai rangkaian nya], DIBERI: [pakaian lengkap], DIIKAT_DENGAN: [benang leleson], name: sawa, MENYEBARKAN: [bau yang kurang sedap], DIBAWA_KE: [balai-balai rumah adat], id: sawa, DIBAKAR_DENGAN: [khusuk]})"
"(:Node:RITUAL_KEMATIAN {DITEMPUH_DENGAN: [biaya ringan], MEMUPUK: [rasa kebersamaan, rasa kekeluargaan], DIDUKUNG_DENGAN: [sredaning manah atau rasa hati tulus dan ikhlas], BERTUJUAN_POKOK: [merubah jenazah atau benda bekas badan seseorang kembali menjadi pancamahabutha seperti asalnya semula], BERPERAN_SEBAGAI: [ritual yang sangat rigid dan sarat makna], MENJAGA: [harmoni antara manusia, alam, dan sang pencipta], MELAMBANGKAN: [siklus kehidupan, siklus kematian], BERAKAR_PADA: [filosofi pelepasan jiwa (atma) dari ikatan duniawi], BERFUNGSI_SEBAGAI: [mekanisme spiritual pemurnian jiwa, perekat kohesi sosial], name: ngaben, MEMILIKI: [sudut pandang pemaknaan, peran ganda yang saling menguatkan], definition: salah satu yadnya yang paling banyak ragamnya, id: ngaben, BERVARIASI_DALAM: [besar kecilnya biaya, wibawa lahiriah]})","[:BAGIAN_DARI {raw_relation: BAGIAN_DARI, sentence_id: 16, confidence: HIGH}]","(:Node:RITUAL {TERDIRI_DARI: [dua kata, beberapa jenis yang pelaksanaannya ber-bhinneka], DITUJUKAN_UNTUK: [leluhur, orangtua], name: pitra yadnya, definition: Upacara suci yang ditujukan bagi leluhur., id: pitra_yadnya})"
"(:Node:RITUAL_KEMATIAN {DITEMPUH_DENGAN: [biaya ringan], MEMUPUK: [rasa kebersamaan, rasa kekeluargaan], DIDUKUNG_DENGAN: [sredaning manah atau rasa hati tulus dan ikhlas], BERTUJUAN_POKOK: [merubah jenazah atau benda bekas badan seseorang kembali menjadi pancamahabutha seperti asalnya semula], BERPERAN_SEBAGAI: [ritual yang sangat rigid dan sarat makna], MENJAGA: [harmoni antara manusia, alam, dan sang pencipta], MELAMBANGKAN: [siklus kehidupan, siklus kematian], BERAKAR_PADA: [filosofi pelepasan jiwa (atma) dari ikatan duniawi], BERFUNGSI_SEBAGAI: [mekanisme spiritual pemurnian jiwa, perekat kohesi sosial], name: ngaben, MEMILIKI: [sudut pandang pemaknaan, peran ganda yang saling menguatkan], definition: salah satu yadnya yang paling banyak ragamnya, id: ngaben, BERVARIASI_DALAM: [besar kecilnya biaya, wibawa lahiriah]})","[:DIKENAL_SEBAGAI {raw_relation: DIKENAL_SEBAGAI, sentence_id: 1256, confidence: HIGH}]","(:Node:RITUAL_KEMATIAN {name: mreteka sawa, id: mreteka_sawa})"
"(:Node:RITUAL_KEMATIAN {DITEMPUH_DENGAN: [biaya ringan], MEMUPUK: [rasa kebersamaan, rasa kekeluargaan], DIDUKUNG_DENGAN: [sredaning manah atau rasa hati tulus dan ikhlas], BERTUJUAN_POKOK: [merubah jenazah atau benda bekas badan seseorang kembali menjadi pancamahabutha seperti asalnya semula], BERPERAN_SEBAGAI: [ritual yang sangat rigid dan sarat makna], MENJAGA: [harmoni antara manusia, alam, dan sang pencipta], MELAMBANGKAN: [siklus kehidupan, siklus kematian], BERAKAR_PADA: [filosofi pelepasan jiwa (atma) dari ikatan duniawi], BERFUNGSI_SEBAGAI: [mekanisme spiritual pemurnian jiwa, perekat kohesi sosial], name: ngaben, MEMILIKI: [sudut pandang pemaknaan, peran ganda yang saling menguatkan], definition: salah satu yadnya yang paling banyak ragamnya, id: ngaben, BERVARIASI_DALAM: [besar kecilnya biaya, wibawa lahiriah]})","[:BERDASARKAN {raw_relation: BERDASARKAN, sentence_id: 197, confidence: HIGH}]","(:Node:KONSEP_HUKUM_ADAT {name: tingkatan upacara, id: tingkatan_upacara})"
"(:Node:RITUAL_KEMATIAN {DITEMPUH_DENGAN: [biaya ringan], MEMUPUK: [rasa kebersamaan, rasa kekeluargaan], DIDUKUNG_DENGAN: [sredaning manah atau rasa hati tulus dan ikhlas], BERTUJUAN_POKOK: [merubah jenazah atau benda bekas badan seseorang kembali menjadi pancamahabutha seperti asalnya semula], BERPERAN_SEBAGAI: [ritual yang sangat rigid dan sarat makna], MENJAGA: [harmoni antara manusia, alam, dan sang pencipta], MELAMBANGKAN: [siklus kehidupan, siklus kematian], BERAKAR_PADA: [filosofi pelepasan jiwa (atma) dari ikatan duniawi], BERFUNGSI_SEBAGAI: [mekanisme spiritual pemurnian jiwa, perekat kohesi sosial], name: ngaben, MEMILIKI: [sudut pandang pemaknaan, peran ganda yang saling menguatkan], definition: salah satu yadnya yang paling banyak ragamnya, id: ngaben, BERVARIASI_DALAM: [besar kecilnya biaya, wibawa lahiriah]})","[:ADALAH {raw_relation: ADALAH, sentence_id: 1253, confidence: HIGH}]","(:Node:RITUAL_KEMATIAN {name: malebuang, id: malebuang})"
"(:Node:RITUAL_KEMATIAN {DITEMPUH_DENGAN: [biaya ringan], MEMUPUK: [rasa kebersamaan, rasa kekeluargaan], DIDUKUNG_DENGAN: [sredaning manah atau rasa hati tulus dan ikhlas], BERTUJUAN_POKOK: [merubah jenazah atau benda bekas badan seseorang kembali menjadi pancamahabutha seperti asalnya semula], BERPERAN_SEBAGAI: [ritual yang sangat rigid dan sarat makna], MENJAGA: [harmoni antara manusia, alam, dan sang pencipta], MELAMBANGKAN: [siklus kehidupan, siklus kematian], BERAKAR_PADA: [filosofi pelepasan jiwa (atma) dari ikatan duniawi], BERFUNGSI_SEBAGAI: [mekanisme spiritual pemurnian jiwa, perekat kohesi sosial], name: ngaben, MEMILIKI: [sudut pandang pemaknaan, peran ganda yang saling menguatkan], definition: salah satu yadnya yang paling banyak ragamnya, id: ngaben, BERVARIASI_DALAM: [besar kecilnya biaya, wibawa lahiriah]})","[:ADALAH {raw_relation: ADALAH, sentence_id: 1253, confidence: HIGH}]","(:Node:RITUAL_KEMATIAN {name: atiwa-tiwa, id: atiwa_tiwa})"
"(:Node:RITUAL_KEMATIAN {DITEMPUH_DENGAN: [biaya ringan], MEMUPUK: [rasa kebersamaan, rasa kekeluargaan], DIDUKUNG_DENGAN: [sredaning manah atau rasa hati tulus dan ikhlas], BERTUJUAN_POKOK: [merubah jenazah atau benda bekas badan seseorang kembali menjadi pancamahabutha seperti asalnya semula], BERPERAN_SEBAGAI: [ritual yang sangat rigid dan sarat makna], MENJAGA: [harmoni antara manusia, alam, dan sang pencipta], MELAMBANGKAN: [siklus kehidupan, siklus kematian], BERAKAR_PADA: [filosofi pelepasan jiwa (atma) dari ikatan duniawi], BERFUNGSI_SEBAGAI: [mekanisme spiritual pemurnian jiwa, perekat kohesi sosial], name: ngaben, MEMILIKI: [sudut pandang pemaknaan, peran ganda yang saling menguatkan], definition: salah satu yadnya yang paling banyak ragamnya, id: ngaben, BERVARIASI_DALAM: [besar kecilnya biaya, wibawa lahiriah]})","[:BERTUJUAN_UNTUK {raw_relation: BERTUJUAN_UNTUK, sentence_id: 1016, confidence: MED}]","(:Node:ISTILAH_UMUM_RITUAL {name: memusnahkan segenap jasad sawa sehalus-halusnya, id: memusnahkan_segenap_jasad_sawa_sehalus_halusnya})"
"(:Node:RITUAL_KEMATIAN {name: ngaben dalam hal sifat sebel, id: ngaben_dalam_hal_sifat_sebel})",[:TERMASUK_JENIS],"(:Node:RITUAL_KEMATIAN {DITEMPUH_DENGAN: [biaya ringan], MEMUPUK: [rasa kebersamaan, rasa kekeluargaan], DIDUKUNG_DENGAN: [sredaning manah atau rasa hati tulus dan ikhlas], BERTUJUAN_POKOK: [merubah jenazah atau benda bekas badan seseorang kembali menjadi pancamahabutha seperti asalnya semula], BERPERAN_SEBAGAI: [ritual yang sangat rigid dan sarat makna], MENJAGA: [harmoni antara manusia, alam, dan sang pencipta], MELAMBANGKAN: [siklus kehidupan, siklus kematian], BERAKAR_PADA: [filosofi pelepasan jiwa (atma) dari ikatan duniawi], BERFUNGSI_SEBAGAI: [mekanisme spiritual pemurnian jiwa, perekat kohesi sosial], name: ngaben, MEMILIKI: [sudut pandang pemaknaan, peran ganda yang saling menguatkan], definition: salah satu yadnya yang paling banyak ragamnya, id: ngaben, BERVARIASI_DALAM: [besar kecilnya biaya, wibawa lahiriah]})"
"(:Node:RITUAL_KEMATIAN {name: ngaben massal, definition: pelaksanaan kolektif untuk efisiensi biaya dan tenaga tanpa mengurangi nilai sakralitas nya, id: ngaben_massal})",[:TERMASUK_JENIS],"(:Node:RITUAL_KEMATIAN {DITEMPUH_DENGAN: [biaya ringan], MEMUPUK: [rasa kebersamaan, rasa kekeluargaan], DIDUKUNG_DENGAN: [sredaning manah atau rasa hati tulus dan ikhlas], BERTUJUAN_POKOK: [merubah jenazah atau benda bekas badan seseorang kembali menjadi pancamahabutha seperti asalnya semula], BERPERAN_SEBAGAI: [ritual yang sangat rigid dan sarat makna], MENJAGA: [harmoni antara manusia, alam, dan sang pencipta], MELAMBANGKAN: [siklus kehidupan, siklus kematian], BERAKAR_PADA: [filosofi pelepasan jiwa (atma) dari ikatan duniawi], BERFUNGSI_SEBAGAI: [mekanisme spiritual pemurnian jiwa, perekat kohesi sosial], name: ngaben, MEMILIKI: [sudut pandang pemaknaan, peran ganda yang saling menguatkan], definition: salah satu yadnya yang paling banyak ragamnya, id: ngaben, BERVARIASI_DALAM: [besar kecilnya biaya, wibawa lahiriah]})"
"(:Node:RITUAL_KEMATIAN {DITUJUKAN_UNTUK: [jenazah yang telah lama terkubur/terpendam, jenazah yang terlalu jauh dari jangkauan kita], name: ngaben svasta, definition: pelaksanaan atiwa-tiwa terhadap orang yang telah meninggal yang jenazahnya tidak mungkin ditemukan kembali, id: ngaben_svasta})",[:TERMASUK_JENIS],"(:Node:RITUAL_KEMATIAN {DITEMPUH_DENGAN: [biaya ringan], MEMUPUK: [rasa kebersamaan, rasa kekeluargaan], DIDUKUNG_DENGAN: [sredaning manah atau rasa hati tulus dan ikhlas], BERTUJUAN_POKOK: [merubah jenazah atau benda bekas badan seseorang kembali menjadi pancamahabutha seperti asalnya semula], BERPERAN_SEBAGAI: [ritual yang sangat rigid dan sarat makna], MENJAGA: [harmoni antara manusia, alam, dan sang pencipta], MELAMBANGKAN: [siklus kehidupan, siklus kematian], BERAKAR_PADA: [filosofi pelepasan jiwa (atma) dari ikatan duniawi], BERFUNGSI_SEBAGAI: [mekanisme spiritual pemurnian jiwa, perekat kohesi sosial], name: ngaben, MEMILIKI: [sudut pandang pemaknaan, peran ganda yang saling menguatkan], definition: salah satu yadnya yang paling banyak ragamnya, id: ngaben, BERVARIASI_DALAM: [besar kecilnya biaya, wibawa lahiriah]})"
"(:Node:TAHAPAN_UPACARA:Isolated {name: ngajar-ajar, id: ngajar_ajar, BERMAKNA: [ucapan terima kasih dari pihak sang mayadnya kepada para penuntun para ajar, upacara pernyataan parama suksmaning idep]})",null,null
"(:Node:ISTILAH_UMUM_RITUAL:Isolated {name: ngalukat, definition: pembersihan tingkat awal, id: ngalukat})",null,null
"(:Node:TAHAPAN_UPACARA:Isolated {aliases: [ngangkid galih], name: ngangkid, definition: kegiatan kerja semata, id: ngangkid})",null,null
"(:Node:RITUAL_KEMATIAN:Isolated {BERTUJUAN_UNTUK: [agar suksmasarira pitra tidak lagi dilekati bekas-bekas badan kasar], name: ngangsen, definition: upacara penyucian sementara bagi sang pitra, id: ngangsen})",null,null
"(:Node:TAHAPAN_UPACARA {BERUPA: [pelarungan abu ke sungai atau laut], name: nganyut, id: nganyut})","[:MELAMBANGKAN {raw_relation: MELAMBANGKAN, sentence_id: 58, confidence: MED}]","(:Node:KONSEP_FILOSOFIS {name: pelepasan terakhir menuju moksha, id: pelepasan_terakhir_menuju_moksha})"
"(:Node:TAHAPAN_UPACARA {aliases: [atma wedana, jenis atma wedana masing-masing, patileman], DITUJUKAN_UNTUK: [mendiang baru dapat diadakan setelah mungkin lima atau sepuluh tahun kemudian], name: ngerorasin, MEMILIKI: [beberapa jenis, nama dan ciri-ciri tersendiri], definition: yadnya yang tidak bersifat sebel, id: ngerorasin})","[:DIKENAL_SEBAGAI {raw_relation: DIKATAKAN, sentence_id: 2489, confidence: MED}]","(:Node:RITUAL {name: pitra yadnya tahap kedua, id: pitra_yadnya_tahap_kedua})"
"(:Node:TAHAPAN_UPACARA {aliases: [atma wedana, jenis atma wedana masing-masing, patileman], DITUJUKAN_UNTUK: [mendiang baru dapat diadakan setelah mungkin lima atau sepuluh tahun kemudian], name: ngerorasin, MEMILIKI: [beberapa jenis, nama dan ciri-ciri tersendiri], definition: yadnya yang tidak bersifat sebel, id: ngerorasin})",[:TERMASUK_JENIS],"(:Node:KONSEP_FILOSOFIS {aliases: [tempat atma mendiang], LEPAS_BEBAS_DARI: [badan], name: atma, definition: Roh atau jiwa yang menghidupkan makhluk hidup., id: atma})"
"(:Node:TAHAPAN_UPACARA {aliases: [atma wedana, jenis atma wedana masing-masing, patileman], DITUJUKAN_UNTUK: [mendiang baru dapat diadakan setelah mungkin lima atau sepuluh tahun kemudian], name: ngerorasin, MEMILIKI: [beberapa jenis, nama dan ciri-ciri tersendiri], definition: yadnya yang tidak bersifat sebel, id: ngerorasin})","[:DIADAKAN_DI {raw_relation: DIADAKAN_DI, sentence_id: 246, confidence: MED}]","(:Node:BANGUNAN_RITUAL {name: pura dalem, id: pura_dalem})"
"(:Node:TAHAPAN_UPACARA {aliases: [atma wedana, jenis atma wedana masing-masing, patileman], DITUJUKAN_UNTUK: [mendiang baru dapat diadakan setelah mungkin lima atau sepuluh tahun kemudian], name: ngerorasin, MEMILIKI: [beberapa jenis, nama dan ciri-ciri tersendiri], definition: yadnya yang tidak bersifat sebel, id: ngerorasin})","[:BERBEDA_DENGAN {raw_relation: BERBEDA_DENGAN, sentence_id: 2520, confidence: MED}]","(:Node:RITUAL_KEMATIAN {name: ngaben dalam hal sifat sebel, id: ngaben_dalam_hal_sifat_sebel})"
"(:Node:TAHAPAN_UPACARA {aliases: [atma wedana, jenis atma wedana masing-masing, patileman], DITUJUKAN_UNTUK: [mendiang baru dapat diadakan setelah mungkin lima atau sepuluh tahun kemudian], name: ngerorasin, MEMILIKI: [beberapa jenis, nama dan ciri-ciri tersendiri], definition: yadnya yang tidak bersifat sebel, id: ngerorasin})","[:DAPAT_SELESAI_SECARA {raw_relation: DAPAT_SELESAI_SECARA, sentence_id: 3001, confidence: MED}]","(:Node:KONSEP_HUKUM_ADAT {name: tuntas berkat punia, id: tuntas_berkat_punia})"
"(:Node:RITUAL_KEMATIAN:Isolated {name: ngroras, id: ngroras, BERASAL_DARI: [kata roras]})",null,null
"(:Node:TAHAPAN_UPACARA:Isolated {name: ngulapin, MEMILIKI: [makna yang mirip dengan itu pula], id: ngulapin, BERPERAN_SEBAGAI: [nama upacara]})",null,null
"(:Node:KONSEP_FILOSOFIS:Isolated {name: niskala, id: niskala})",null,null
"(:Node:RITUAL_KEMATIAN {DILAKUKAN_OLEH: [keluarga pendeta, keluarga raja], name: nyekeh sawa, definition: pekerjaan berat, id: nyekeh_sawa})",[:TERMASUK_JENIS],"(:Node:RITUAL_KEMATIAN {name: nyekeh, definition: jenazah dibaringkan di rumah adat dalam jangka waktu agak lama hingga tiba hari H untuk ngaben sesuai dewasa yang dipilih, id: nyekeh})"
"(:Node:TAHAPAN_UPACARA:Isolated {name: nyikut karang, definition: upacara yang sangat sederhana, id: nyikut_karang})",null,null
"(:Node:RITUAL_KEMATIAN:Isolated {DILAKUKAN_DALAM_HAL: [jenazah yang tak dapat ditemukan mati dalam pertempuran, tenggelam, di pulau seberang, dsb], name: nywasta, definition: ngaben yang sangat sederhana, id: nywasta})",null,null
"(:Node:ISTILAH_UMUM_RITUAL:Isolated {name: orangtua, id: orangtua})",null,null
"(:Node:TAHAPAN_UPACARA {aliases: [pelebon], name: pabasmian, id: pabasmian})","[:DIAWALI_DENGAN {raw_relation: DIAWALI_DENGAN, sentence_id: 217, confidence: MED}]","(:Node:TAHAPAN_UPACARA {name: upacara ngaskara, id: upacara_ngaskara})"
"(:Node:TAHAPAN_UPACARA {aliases: [pelebon], name: pabasmian, id: pabasmian})","[:DIAWALI_DENGAN {raw_relation: DIAWALI_DENGAN, sentence_id: 217, confidence: MED}]","(:Node:SARANA_RITUAL {name: caru pengelambuk, id: caru_pengelambuk})"
"(:Node:TAHAPAN_UPACARA {name: pabersihan hidup, id: pabersihan_hidup})",[:TERMASUK_JENIS],"(:Node:TAHAPAN_UPACARA {DILAKUKAN: [dua atau tiga hari sebelum ngaben], name: pabersihan, id: pabersihan, DILANGSUNGKAN_PADA: [hari senin]})"
"(:Node:SARANA_RITUAL:Isolated {DIMASUKKAN_KE_DALAM: [periuk], name: padang lepas, id: padang_lepas})",null,null
"(:Node:SARANA_RITUAL {name: paes gedubang, DILETAKKAN_DENGAN: [secarik kain hitam yang digunakan untuk menutup kelamin angkeb sarira], id: paes_gedubang})","[:DILETAKKAN_DI {raw_relation: DILETAKKAN_DI, sentence_id: 3133, confidence: HIGH}]","(:Node:SARANA_RITUAL {aliases: [atas takir], name: takir, id: takir})"
"(:Node:TAHAPAN_UPACARA {DILAKUKAN_ANTARA: [mendiang dan keluarga yang masih hidup], name: pamerasan, definition: tanda bahwa keluarga mendiang tidak lupa akan ikatan keluarga, id: pamerasan})","[:ADALAH {raw_relation: ADALAH, sentence_id: 2256, confidence: HIGH}]","(:Node:SARANA_RITUAL {DIIKAT_DENGAN: [benang tridatu merah, hitam dan putih, benang tridatu], aliases: [5 biji uang kepeng, 7 biji uang kepeng, 9 biji uang kepeng, pipis bolong, sejumlah uang kepeng, wang kepeng/bolong], name: uang kepeng, id: uang_kepeng})"
"(:Node:KONSEP_FILOSOFIS:Isolated {BERWUJUD: [tubuh manusia], name: pancamahabutha, id: pancamahabutha})",null,null
"(:Node:ENTITAS_KEAGAMAAN {MEMAKLUMI: [ketentuan punia yang demikian itu], name: pandita selaku pemuka agama, id: pandita_selaku_pemuka_agama})",[:TERMASUK_JENIS],"(:Node:ENTITAS_KEAGAMAAN {name: pandita, id: pandita, BERPERAN_SEBAGAI: [pemuka agama]})"
"(:Node:TAHAPAN_UPACARA {name: panebusan, id: panebusan})","[:MEMPENGARUHI {raw_relation: MEMPENGARUHI, sentence_id: 1845, confidence: MED}]","(:Node:ENTITAS_KEAGAMAAN {name: kedudukan pitara, id: kedudukan_pitara})"
"(:Node:RITUAL_KEMATIAN {name: pangabenan jenis pranawa, id: pangabenan_jenis_pranawa})",[:TERMASUK_JENIS],"(:Node:RITUAL_KEMATIAN {aliases: [pangabenan jenis masing-masing], TERDIRI_DARI: [berbagai jenis], name: pangabenan, DIGELAR: [hari kamis], MEMILIKI: [nama sendiri-sendiri], id: pangabenan, DINILAI_SEBAGAI: [tingkat utama]})"
"(:Node:RITUAL_KEMATIAN {DITUJUKAN_UNTUK: [mendiang yang telah tak ada sawanya lagi], name: pangabenan pranawa, id: pangabenan_pranawa})",[:TERMASUK_JENIS],"(:Node:RITUAL_KEMATIAN {aliases: [pangabenan jenis masing-masing], TERDIRI_DARI: [berbagai jenis], name: pangabenan, DIGELAR: [hari kamis], MEMILIKI: [nama sendiri-sendiri], id: pangabenan, DINILAI_SEBAGAI: [tingkat utama]})"
"(:Node:SARANA_RITUAL:Isolated {BERISI: [bermacam-macam ramuan], name: panguryagan, id: panguryagan, BERALASKAN: [tembong nyiru yang tabingnya tinggi]})",null,null
"(:Node:BANGUNAN_RITUAL {name: paplengkungan jenazah, id: paplengkungan_jenazah})",[:TERMASUK_JENIS],"(:Node:BANGUNAN_RITUAL {name: paplengkungan, id: paplengkungan})"
"(:Node:SARANA_RITUAL {DIBUAT_BERBENTUK: [binatang yang mempunyai nilai religi tertentu], BERFUNGSI_SEBAGAI: [tempat pembaringan jenazah dan dapur pembakaran], name: patulangan, definition: ciri paksa brahmanisme, id: patulangan, BERBENTUK: [binatang buas lainnya, gadarba, macan]})","[:BERBENTUK {raw_relation: BERBENTUK, sentence_id: 2055, confidence: MED}]","(:Node:SARANA_RITUAL {name: gajah mina, id: gajah_mina})"
"(:Node:SARANA_RITUAL {DIBUAT_BERBENTUK: [binatang yang mempunyai nilai religi tertentu], BERFUNGSI_SEBAGAI: [tempat pembaringan jenazah dan dapur pembakaran], name: patulangan, definition: ciri paksa brahmanisme, id: patulangan, BERBENTUK: [binatang buas lainnya, gadarba, macan]})","[:BERBENTUK {raw_relation: BERBENTUK, sentence_id: 2055, confidence: MED}]","(:Node:SARANA_RITUAL {name: naga kahang, id: naga_kahang})"
"(:Node:SARANA_RITUAL {DIBUAT_BERBENTUK: [binatang yang mempunyai nilai religi tertentu], BERFUNGSI_SEBAGAI: [tempat pembaringan jenazah dan dapur pembakaran], name: patulangan, definition: ciri paksa brahmanisme, id: patulangan, BERBENTUK: [binatang buas lainnya, gadarba, macan]})","[:BERBENTUK {raw_relation: BERBENTUK, sentence_id: 2056, confidence: MED}]","(:Node:SARANA_RITUAL {name: singa, id: singa})"
"(:Node:BANGUNAN_RITUAL {name: pawedan, id: pawedan})","[:ADALAH {raw_relation: JUGA_ADALAH, sentence_id: 2803, confidence: LOW}]","(:Node:TAHAPAN_UPACARA {name: tempat ngajum serta mengutpeti sekah, id: tempat_ngajum_serta_mengutpeti_sekah})"
"(:Node:BANGUNAN_RITUAL {name: pawedan, id: pawedan})","[:ADALAH {raw_relation: ADALAH, sentence_id: 2803, confidence: MED}]","(:Node:ENTITAS_KEAGAMAAN {name: tempat sang sulinggih dalam memuja, id: tempat_sang_sulinggih_dalam_memuja})"
"(:Node:BANGUNAN_RITUAL {BUKAN_SEKADAR: [madyapada], name: pawedan tempat memuja, id: pawedan_tempat_memuja})",[:TERMASUK_JENIS],"(:Node:BANGUNAN_RITUAL {name: pawedan, id: pawedan})"
"(:Node:BANGUNAN_RITUAL {BUKAN_SEKADAR: [madyapada], name: pawedan tempat memuja, id: pawedan_tempat_memuja})","[:ADALAH {raw_relation: MERUPAKAN, sentence_id: 2810, confidence: LOW}]","(:Node:ENTITAS_KEAGAMAAN {name: shiwa (dewa) loka, id: shiwa_dewa_loka})"
"(:Node:BANGUNAN_RITUAL:Isolated {name: payadnyan, DIHIAS_PALING: [indah], definition: sekadar bangunan darurat buatan manusia di mercapada ini, id: payadnyan})",null,null
"(:Node:ISTILAH_UMUM_RITUAL {name: pecahan besi baja, id: pecahan_besi_baja})","[:DILETAKKAN_DI {raw_relation: DITARUH_DI, sentence_id: 3154, confidence: LOW}]","(:Node:ISTILAH_UMUM_RITUAL {name: gigi jenazah, id: gigi_jenazah})"
"(:Node:SARANA_RITUAL {name: pecahan kaca, id: pecahan_kaca})","[:DILETAKKAN_DI {raw_relation: DITARUH_DI, sentence_id: 3154, confidence: MED}]","(:Node:ISTILAH_UMUM_RITUAL {name: kedua mata jenazah, id: kedua_mata_jenazah})"
"(:Node:ISTILAH_UMUM_RITUAL {name: pelebur unsur karma wasana, id: pelebur_unsur_karma_wasana, DIKENAL_SEBAGAI: [ulub roh]})","[:DIKENAL_SEBAGAI {raw_relation: DIKENAL_SEBAGAI, sentence_id: 4340, confidence: LOW}]","(:Node:KONSEP_FILOSOFIS {name: ngentas atma, id: ngentas_atma})"
"(:Node:ISTILAH_UMUM_RITUAL:Isolated {name: pemakaian umbi sikapa/sekapa, id: pemakaian_umbi_sikapa_sekapa, BERMAKNA: [agar kulit orang yang meninggal putih bersih jika numitis lagi]})",null,null
"(:Node:ENTITAS_KEAGAMAAN {name: pemangku kawitan setempat, id: pemangku_kawitan_setempat})",[:TERMASUK_JENIS],"(:Node:ENTITAS_KEAGAMAAN {name: pemangku, id: pemangku})"
"(:Node:RITUAL_KEMATIAN {name: pengabenan tanpa tirtha pangentas, id: pengabenan_tanpa_tirtha_pangentas, DIKENAL_SEBAGAI: [belum dilaksanakan]})",[:TERMASUK_JENIS],"(:Node:RITUAL_KEMATIAN {aliases: [pangabenan jenis masing-masing], TERDIRI_DARI: [berbagai jenis], name: pangabenan, DIGELAR: [hari kamis], MEMILIKI: [nama sendiri-sendiri], id: pangabenan, DINILAI_SEBAGAI: [tingkat utama]})"
"(:Node:SARANA_RITUAL {MEMPEROLEH: [upacara], name: pengawak, id: pengawak})","[:TERDIRI_DARI {raw_relation: TERDIRI_DARI, sentence_id: 1465, confidence: HIGH}]","(:Node:SARANA_RITUAL {BERISI: [gambar, tulisan aksara, 54 atau 108 lembar daun alang-alang, sembilan batang kayu cendana], name: jun pere, id: jun_pere})"
"(:Node:SARANA_RITUAL {MEMPEROLEH: [upacara], name: pengawak, id: pengawak})","[:SAMA_DENGAN {raw_relation: DIPERLAKUKAN_SAMA_DENGAN, sentence_id: 1533, confidence: MED}]","(:Node:ISTILAH_UMUM_RITUAL {name: sawa asli, id: sawa_asli})"
"(:Node:TAHAPAN_UPACARA {name: pengerikan kuku, id: pengerikan_kuku})","[:TIDAK_BOLEH_DILAKUKAN_SAAT {raw_relation: TIDAK_BOLEH_DILAKUKAN_SAAT, sentence_id: 3584, confidence: MED}]","(:Node:TAHAPAN_UPACARA {name: pabersihan hidup, id: pabersihan_hidup})"
"(:Node:TAHAPAN_UPACARA {name: pengerikan kuku mutlak, id: pengerikan_kuku_mutlak})",[:TERMASUK_JENIS],"(:Node:TAHAPAN_UPACARA {name: pengerikan kuku, id: pengerikan_kuku})"
"(:Node:TAHAPAN_UPACARA {name: pengerikan kuku mutlak, id: pengerikan_kuku_mutlak})","[:DILAKUKAN_SAAT {raw_relation: DILAKUKAN_SAAT, sentence_id: 3584, confidence: LOW}]","(:Node:TAHAPAN_UPACARA {name: upacara ""melelet"" pabersihan mati, id: upacara_melelet_pabersihan_mati})"
"(:Node:ISTILAH_UMUM_RITUAL:Isolated {name: penggunaan anggapan, BERTUJUAN_AGAR: [wanita yang numitis memiliki kesuburan untuk melahirkan], id: penggunaan_anggapan})",null,null
"(:Node:ISTILAH_UMUM_RITUAL {name: penggunaan wewangian, BERTUJUAN_AGAR: [orang yang numitis memperoleh pujian keharuman dalam tingkah lakunya], id: penggunaan_wewangian})","[:BERTUJUAN_AGAR {raw_relation: BERTUJUAN_AGAR, sentence_id: 3728, confidence: LOW}]","(:Node:ISTILAH_UMUM_RITUAL {name: tubuh jenazah kelak berbau harum, id: tubuh_jenazah_kelak_berbau_harum})"
"(:Node:ISTILAH_UMUM_RITUAL:Isolated {DITUJUKAN_UNTUK: [leluhur], name: pengorbanan suci, id: pengorbanan_suci})",null,null
"(:Node:SARANA_RITUAL {DILETAKKAN_DI: [halaman rumah], BERFUNGSI_SEBAGAI: [balai-balai alas ngringkes], aliases: [asagan, atas pepaga/asagan, dusa, pepaga atau asagan, pepaga/asagan], name: pepaga, id: pepaga, TERBUAT_DARI: [bambu, hitungan galir, hitungan galur, hitungan likah, hitungan wangke, hitungan wangkong]})","[:DIKENAL_SEBAGAI {raw_relation: DIKENAL_SEBAGAI, sentence_id: 3332, confidence: MED}]","(:Node:BANGUNAN_RITUAL {name: bale penusangan istilah denpasar, id: bale_penusangan_istilah_denpasar})"
"(:Node:SARANA_RITUAL {DILETAKKAN_DI: [halaman rumah], BERFUNGSI_SEBAGAI: [balai-balai alas ngringkes], aliases: [asagan, atas pepaga/asagan, dusa, pepaga atau asagan, pepaga/asagan], name: pepaga, id: pepaga, TERBUAT_DARI: [bambu, hitungan galir, hitungan galur, hitungan likah, hitungan wangke, hitungan wangkong]})","[:DIKENAL_SEBAGAI {raw_relation: DIKENAL_SEBAGAI, sentence_id: 3332, confidence: HIGH}]","(:Node:SARANA_RITUAL {DILETAKKAN_DI: [halaman rumah], BERFUNGSI_SEBAGAI: [balai-balai alas ngringkes], aliases: [asagan, atas pepaga/asagan, dusa, pepaga atau asagan, pepaga/asagan], name: pepaga, id: pepaga, TERBUAT_DARI: [bambu, hitungan galir, hitungan galur, hitungan likah, hitungan wangke, hitungan wangkong]})"
"(:Node:SARANA_RITUAL {DILETAKKAN_DI: [halaman rumah], BERFUNGSI_SEBAGAI: [balai-balai alas ngringkes], aliases: [asagan, atas pepaga/asagan, dusa, pepaga atau asagan, pepaga/asagan], name: pepaga, id: pepaga, TERBUAT_DARI: [bambu, hitungan galir, hitungan galur, hitungan likah, hitungan wangke, hitungan wangkong]})","[:ADALAH {raw_relation: ADALAH, sentence_id: 3332, confidence: MED}]","(:Node:BANGUNAN_RITUAL {name: semacam dipan atau bale darurat, id: semacam_dipan_atau_bale_darurat})"
"(:Node:SARANA_RITUAL {DILETAKKAN_DI: [halaman rumah], BERFUNGSI_SEBAGAI: [balai-balai alas ngringkes], aliases: [asagan, atas pepaga/asagan, dusa, pepaga atau asagan, pepaga/asagan], name: pepaga, id: pepaga, TERBUAT_DARI: [bambu, hitungan galir, hitungan galur, hitungan likah, hitungan wangke, hitungan wangkong]})","[:ADALAH {raw_relation: ADALAH, sentence_id: 957, confidence: MED}]","(:Node:ISTILAH_UMUM_RITUAL {name: balai-balai khusus pemandian jenazah, id: balai_balai_khusus_pemandian_jenazah})"
"(:Node:SARANA_RITUAL {DILETAKKAN_DI: [halaman rumah], BERFUNGSI_SEBAGAI: [balai-balai alas ngringkes], aliases: [asagan, atas pepaga/asagan, dusa, pepaga atau asagan, pepaga/asagan], name: pepaga, id: pepaga, TERBUAT_DARI: [bambu, hitungan galir, hitungan galur, hitungan likah, hitungan wangke, hitungan wangkong]})","[:TERBUAT_DARI {raw_relation: TERBUAT_DARI, sentence_id: 354, confidence: MED}]","(:Node:SARANA_RITUAL {name: hitungan galar, id: hitungan_galar})"
"(:Node:SARANA_RITUAL {DILETAKKAN_DI: [halaman rumah], BERFUNGSI_SEBAGAI: [balai-balai alas ngringkes], aliases: [asagan, atas pepaga/asagan, dusa, pepaga atau asagan, pepaga/asagan], name: pepaga, id: pepaga, TERBUAT_DARI: [bambu, hitungan galir, hitungan galur, hitungan likah, hitungan wangke, hitungan wangkong]})","[:DIPASANG {raw_relation: DIPASANG, sentence_id: 358, confidence: MED}]","(:Node:SARANA_RITUAL {name: leluwur, id: leluwur})"
"(:Node:SARANA_RITUAL {DILETAKKAN_DI: [halaman rumah], BERFUNGSI_SEBAGAI: [balai-balai alas ngringkes], aliases: [asagan, atas pepaga/asagan, dusa, pepaga atau asagan, pepaga/asagan], name: pepaga, id: pepaga, TERBUAT_DARI: [bambu, hitungan galir, hitungan galur, hitungan likah, hitungan wangke, hitungan wangkong]})","[:BERFUNGSI_SEBAGAI {raw_relation: BERFUNGSI_SEBAGAI, sentence_id: 1056, confidence: MED}]","(:Node:ISTILAH_UMUM_RITUAL {name: balai-balai alas memandikan jenazah, id: balai_balai_alas_memandikan_jenazah})"
"(:Node:SARANA_RITUAL {DILETAKKAN_DI: [halaman rumah], BERFUNGSI_SEBAGAI: [balai-balai alas ngringkes], aliases: [asagan, atas pepaga/asagan, dusa, pepaga atau asagan, pepaga/asagan], name: pepaga, id: pepaga, TERBUAT_DARI: [bambu, hitungan galir, hitungan galur, hitungan likah, hitungan wangke, hitungan wangkong]})","[:DIPAKAI_UNTUK {raw_relation: DIPERGUNAKAN_SEBAGAI, sentence_id: 3332, confidence: HIGH}]","(:Node:SARANA_RITUAL {name: tandu, id: tandu})"
"(:Node:SARANA_RITUAL {DILETAKKAN_DI: [halaman rumah], BERFUNGSI_SEBAGAI: [balai-balai alas ngringkes], aliases: [asagan, atas pepaga/asagan, dusa, pepaga atau asagan, pepaga/asagan], name: pepaga, id: pepaga, TERBUAT_DARI: [bambu, hitungan galir, hitungan galur, hitungan likah, hitungan wangke, hitungan wangkong]})","[:DIPAKAI_UNTUK {raw_relation: DIPERGUNAKAN_SEBAGAI, sentence_id: 3332, confidence: HIGH}]","(:Node:SARANA_RITUAL {name: usungan, id: usungan})"
"(:Node:ISTILAH_UMUM_RITUAL {name: perak, id: perak, BERWARNA: [putih]})","[:BERDEWA {raw_relation: BERDEWA, sentence_id: 3755, confidence: LOW}]","(:Node:ENTITAS_KEAGAMAAN {name: dewa iswara, id: dewa_iswara})"
"(:Node:ENTITAS_KEAGAMAAN {name: peranda buddha, id: peranda_buddha})","[:MEMAKAI {raw_relation: MEMAKAI, sentence_id: 2117, confidence: LOW}]","(:Node:SARANA_RITUAL {name: naga banda pada palebonnya, id: naga_banda_pada_palebonnya})"
"(:Node:ENTITAS_KEAGAMAAN:Isolated {MENEMPATKAN_DIRI_DI: [luar alam duniawi mula-mula di atas], name: peranda shiwa, id: peranda_shiwa, TURUN_MERESAPI: [alam ini], MENEMPATKAN: [diri/jenana pada daya suci hyang widhi]})",null,null
"(:Node:ISTILAH_UMUM_RITUAL:Isolated {name: perbandingan kepala lembu, id: perbandingan_kepala_lembu})",null,null
"(:Node:ISTILAH_UMUM_RITUAL:Isolated {name: perbandingan kepala singa, id: perbandingan_kepala_singa})",null,null
"(:Node:SARANA_RITUAL {DILETAKKAN_PADA: [penebusan], name: pering, id: pering, MELAMBANGKAN: [mahkota]})","[:MELAMBANGKAN {raw_relation: MELAMBANGKAN, sentence_id: 1963, confidence: MED}]","(:Node:KONSEP_FILOSOFIS {name: purusa-pradana, id: purusa_pradana})"
"(:Node:SARANA_RITUAL {DILETAKKAN_PADA: [penebusan], name: pering, id: pering, MELAMBANGKAN: [mahkota]})","[:DILETAKKAN_PADA {raw_relation: DILETAKKAN_PADA, sentence_id: 1963, confidence: MED}]","(:Node:TAHAPAN_UPACARA {DILAKUKAN_ANTARA: [mendiang dan keluarga yang masih hidup], name: pamerasan, definition: tanda bahwa keluarga mendiang tidak lupa akan ikatan keluarga, id: pamerasan})"
"(:Node:SARANA_RITUAL {DILETAKKAN_PADA: [penebusan], name: pering, id: pering, MELAMBANGKAN: [mahkota]})","[:DILETAKKAN_PADA {raw_relation: DILETAKKAN_PADA, sentence_id: 1963, confidence: MED}]","(:Node:ENTITAS_KEAGAMAAN {name: sajen untuk surya, id: sajen_untuk_surya})"
"(:Node:SARANA_RITUAL {DILETAKKAN_PADA: [penebusan], name: pering, id: pering, MELAMBANGKAN: [mahkota]})","[:DILETAKKAN_PADA {raw_relation: DILETAKKAN_PADA, sentence_id: 1963, confidence: MED}]","(:Node:SARANA_RITUAL {name: banten teben, id: banten_teben})"
"(:Node:ISTILAH_UMUM_RITUAL {name: perlambang, id: perlambang})","[:DIKENAL_SEBAGAI {raw_relation: DIKENAL_SEBAGAI, sentence_id: 2612, confidence: MED}]","(:Node:SARANA_RITUAL {DISUCIKAN_DENGAN: [sajen kecil sebagai pengantar], MENGGUNAKAN: [meja pendek kecil], name: sekah kangsen, id: sekah_kangsen, DIBONGKAR_SETELAH: [pamralina]})"
"(:Node:TAHAPAN_UPACARA {name: persembahyangan, id: persembahyangan})","[:DIPIMPIN_OLEH {raw_relation: DIPIMPIN_OLEH, sentence_id: 780, confidence: MED}]","(:Node:ENTITAS_KEAGAMAAN {aliases: [ida sang sulinggih], name: sulinggih, definition: Pendeta atau tokoh suci yang memiliki otoritas spiritual tertinggi., id: sulinggih, MEMBERIKAN: [panjaya-jaya]})"
"(:Node:SARANA_RITUAL:Isolated {name: pisang jati, definition: upakara yang berbadankan bakul-kecil bagaikan daksina, id: pisang_jati})",null,null
"(:Node:KONSEP_FILOSOFIS {HINGGA_TAMPAK: [bayangan nya], name: pitara menggunakan tirtha ening, id: pitara_menggunakan_tirtha_ening})",[:TERMASUK_JENIS],"(:Node:KONSEP_FILOSOFIS {MEWUJUDKAN: [bayangan diri dalam air ening], aliases: [atma pitara, pitra dalam ngangsen, pitra mendiang], MENINGKAT_KEDUDUKAN_MENJADI: [bhatara atau bhatari sejak selesainya patileman], DIBUATKAN: [perlambang yang disebut sekah kangsen], MENYAKSIKAN: [anak cucunya melakukan upacara manusa yadnya tersebut], BARU_LEPAS_PERTALIAN_DENGAN: [stulasarira nya], MENERIMA: [dua buah daksina tapakan dibuat untuknya], DAPAT_MEMASUKI: [alam bwah loka tumpuan menuju alam swah loka], MENGELUPASI: [suksmasarira yang merupakan kulit dirinya], name: pitra, definition: atma yang masih bersuksmasarira, id: pitra, MEMAKAI: [wujud tersebut selaku pralingga perlambang diri yang dihuni]})"
"(:Node:KONSEP_FILOSOFIS {MEWUJUDKAN: [bayangan diri dalam air ening], aliases: [atma pitara, pitra dalam ngangsen, pitra mendiang], MENINGKAT_KEDUDUKAN_MENJADI: [bhatara atau bhatari sejak selesainya patileman], DIBUATKAN: [perlambang yang disebut sekah kangsen], MENYAKSIKAN: [anak cucunya melakukan upacara manusa yadnya tersebut], BARU_LEPAS_PERTALIAN_DENGAN: [stulasarira nya], MENERIMA: [dua buah daksina tapakan dibuat untuknya], DAPAT_MEMASUKI: [alam bwah loka tumpuan menuju alam swah loka], MENGELUPASI: [suksmasarira yang merupakan kulit dirinya], name: pitra, definition: atma yang masih bersuksmasarira, id: pitra, MEMAKAI: [wujud tersebut selaku pralingga perlambang diri yang dihuni]})","[:BAGIAN_DARI {raw_relation: BAGIAN_DARI, sentence_id: 2986, confidence: MED}]","(:Node:BANGUNAN_RITUAL {name: sekeluarga tunggalan pamrajan, id: sekeluarga_tunggalan_pamrajan})"
"(:Node:KONSEP_FILOSOFIS {MEWUJUDKAN: [bayangan diri dalam air ening], aliases: [atma pitara, pitra dalam ngangsen, pitra mendiang], MENINGKAT_KEDUDUKAN_MENJADI: [bhatara atau bhatari sejak selesainya patileman], DIBUATKAN: [perlambang yang disebut sekah kangsen], MENYAKSIKAN: [anak cucunya melakukan upacara manusa yadnya tersebut], BARU_LEPAS_PERTALIAN_DENGAN: [stulasarira nya], MENERIMA: [dua buah daksina tapakan dibuat untuknya], DAPAT_MEMASUKI: [alam bwah loka tumpuan menuju alam swah loka], MENGELUPASI: [suksmasarira yang merupakan kulit dirinya], name: pitra, definition: atma yang masih bersuksmasarira, id: pitra, MEMAKAI: [wujud tersebut selaku pralingga perlambang diri yang dihuni]})",[:TERMASUK_JENIS],"(:Node:KONSEP_FILOSOFIS {aliases: [tempat atma mendiang], LEPAS_BEBAS_DARI: [badan], name: atma, definition: Roh atau jiwa yang menghidupkan makhluk hidup., id: atma})"
"(:Node:KONSEP_FILOSOFIS {MEWUJUDKAN: [bayangan diri dalam air ening], aliases: [atma pitara, pitra dalam ngangsen, pitra mendiang], MENINGKAT_KEDUDUKAN_MENJADI: [bhatara atau bhatari sejak selesainya patileman], DIBUATKAN: [perlambang yang disebut sekah kangsen], MENYAKSIKAN: [anak cucunya melakukan upacara manusa yadnya tersebut], BARU_LEPAS_PERTALIAN_DENGAN: [stulasarira nya], MENERIMA: [dua buah daksina tapakan dibuat untuknya], DAPAT_MEMASUKI: [alam bwah loka tumpuan menuju alam swah loka], MENGELUPASI: [suksmasarira yang merupakan kulit dirinya], name: pitra, definition: atma yang masih bersuksmasarira, id: pitra, MEMAKAI: [wujud tersebut selaku pralingga perlambang diri yang dihuni]})","[:MENGGUNAKAN {raw_relation: MENGGUNAKAN, sentence_id: 2869, confidence: MED}]","(:Node:TIRTHA_SUCI {BERFUNGSI_SEBAGAI: [simbol pikiran dan perasaan sang yajamana orang yang punya upacara], name: tirtha ening, id: tirtha_ening})"
"(:Node:KONSEP_FILOSOFIS {MEWUJUDKAN: [bayangan diri dalam air ening], aliases: [atma pitara, pitra dalam ngangsen, pitra mendiang], MENINGKAT_KEDUDUKAN_MENJADI: [bhatara atau bhatari sejak selesainya patileman], DIBUATKAN: [perlambang yang disebut sekah kangsen], MENYAKSIKAN: [anak cucunya melakukan upacara manusa yadnya tersebut], BARU_LEPAS_PERTALIAN_DENGAN: [stulasarira nya], MENERIMA: [dua buah daksina tapakan dibuat untuknya], DAPAT_MEMASUKI: [alam bwah loka tumpuan menuju alam swah loka], MENGELUPASI: [suksmasarira yang merupakan kulit dirinya], name: pitra, definition: atma yang masih bersuksmasarira, id: pitra, MEMAKAI: [wujud tersebut selaku pralingga perlambang diri yang dihuni]})","[:DIPERSILAKAN_MASUK_KE {raw_relation: DIPERSILAKAN_MASUK_KE, sentence_id: 2624, confidence: MED}]","(:Node:SARANA_RITUAL {DISUCIKAN_DENGAN: [sajen kecil sebagai pengantar], MENGGUNAKAN: [meja pendek kecil], name: sekah kangsen, id: sekah_kangsen, DIBONGKAR_SETELAH: [pamralina]})"
"(:Node:KONSEP_FILOSOFIS {MEWUJUDKAN: [bayangan diri dalam air ening], aliases: [atma pitara, pitra dalam ngangsen, pitra mendiang], MENINGKAT_KEDUDUKAN_MENJADI: [bhatara atau bhatari sejak selesainya patileman], DIBUATKAN: [perlambang yang disebut sekah kangsen], MENYAKSIKAN: [anak cucunya melakukan upacara manusa yadnya tersebut], BARU_LEPAS_PERTALIAN_DENGAN: [stulasarira nya], MENERIMA: [dua buah daksina tapakan dibuat untuknya], DAPAT_MEMASUKI: [alam bwah loka tumpuan menuju alam swah loka], MENGELUPASI: [suksmasarira yang merupakan kulit dirinya], name: pitra, definition: atma yang masih bersuksmasarira, id: pitra, MEMAKAI: [wujud tersebut selaku pralingga perlambang diri yang dihuni]})","[:MENERIMA {raw_relation: MENERIMA, sentence_id: 2630, confidence: MED}]","(:Node:TAHAPAN_UPACARA {name: sembah bhakti serta ayaban sajen, id: sembah_bhakti_serta_ayaban_sajen})"
"(:Node:KONSEP_FILOSOFIS {MEWUJUDKAN: [bayangan diri dalam air ening], aliases: [atma pitara, pitra dalam ngangsen, pitra mendiang], MENINGKAT_KEDUDUKAN_MENJADI: [bhatara atau bhatari sejak selesainya patileman], DIBUATKAN: [perlambang yang disebut sekah kangsen], MENYAKSIKAN: [anak cucunya melakukan upacara manusa yadnya tersebut], BARU_LEPAS_PERTALIAN_DENGAN: [stulasarira nya], MENERIMA: [dua buah daksina tapakan dibuat untuknya], DAPAT_MEMASUKI: [alam bwah loka tumpuan menuju alam swah loka], MENGELUPASI: [suksmasarira yang merupakan kulit dirinya], name: pitra, definition: atma yang masih bersuksmasarira, id: pitra, MEMAKAI: [wujud tersebut selaku pralingga perlambang diri yang dihuni]})","[:BERTAHTA {raw_relation: BERTAHTA, sentence_id: 2686, confidence: MED}]","(:Node:SARANA_RITUAL {DIBUKA: [keampigan], name: puspa lingga, id: puspa_lingga})"
"(:Node:KONSEP_FILOSOFIS {MEWUJUDKAN: [bayangan diri dalam air ening], aliases: [atma pitara, pitra dalam ngangsen, pitra mendiang], MENINGKAT_KEDUDUKAN_MENJADI: [bhatara atau bhatari sejak selesainya patileman], DIBUATKAN: [perlambang yang disebut sekah kangsen], MENYAKSIKAN: [anak cucunya melakukan upacara manusa yadnya tersebut], BARU_LEPAS_PERTALIAN_DENGAN: [stulasarira nya], MENERIMA: [dua buah daksina tapakan dibuat untuknya], DAPAT_MEMASUKI: [alam bwah loka tumpuan menuju alam swah loka], MENGELUPASI: [suksmasarira yang merupakan kulit dirinya], name: pitra, definition: atma yang masih bersuksmasarira, id: pitra, MEMAKAI: [wujud tersebut selaku pralingga perlambang diri yang dihuni]})","[:BERTAHTA {raw_relation: BERTAHTA, sentence_id: 2686, confidence: MED}]","(:Node:SARANA_RITUAL {aliases: [mendiang dalam wujud sekah], DIALASI: [meja rendah], name: sekah, DIAJAK_BERKOMUNIKASI_OLEH: [keluarga], DIMASUKKAN_MELALUI: [pintu belakang], id: sekah, MEMBELAKANGI: [pendeta]})"
"(:Node:KONSEP_FILOSOFIS {MEWUJUDKAN: [bayangan diri dalam air ening], aliases: [atma pitara, pitra dalam ngangsen, pitra mendiang], MENINGKAT_KEDUDUKAN_MENJADI: [bhatara atau bhatari sejak selesainya patileman], DIBUATKAN: [perlambang yang disebut sekah kangsen], MENYAKSIKAN: [anak cucunya melakukan upacara manusa yadnya tersebut], BARU_LEPAS_PERTALIAN_DENGAN: [stulasarira nya], MENERIMA: [dua buah daksina tapakan dibuat untuknya], DAPAT_MEMASUKI: [alam bwah loka tumpuan menuju alam swah loka], MENGELUPASI: [suksmasarira yang merupakan kulit dirinya], name: pitra, definition: atma yang masih bersuksmasarira, id: pitra, MEMAKAI: [wujud tersebut selaku pralingga perlambang diri yang dihuni]})","[:DIMOHONKAN_AGAR_MENUJU {raw_relation: DIMOHONKAN_AGAR_MENUJU, sentence_id: 2954, confidence: HIGH}]","(:Node:KONSEP_FILOSOFIS {name: dewaloka, id: dewaloka})"
"(:Node:RITUAL {TERDIRI_DARI: [dua kata, beberapa jenis yang pelaksanaannya ber-bhinneka], DITUJUKAN_UNTUK: [leluhur, orangtua], name: pitra yadnya, definition: Upacara suci yang ditujukan bagi leluhur., id: pitra_yadnya})",[:TERMASUK_JENIS],"(:Node:KONSEP_FILOSOFIS {MEWUJUDKAN: [bayangan diri dalam air ening], aliases: [atma pitara, pitra dalam ngangsen, pitra mendiang], MENINGKAT_KEDUDUKAN_MENJADI: [bhatara atau bhatari sejak selesainya patileman], DIBUATKAN: [perlambang yang disebut sekah kangsen], MENYAKSIKAN: [anak cucunya melakukan upacara manusa yadnya tersebut], BARU_LEPAS_PERTALIAN_DENGAN: [stulasarira nya], MENERIMA: [dua buah daksina tapakan dibuat untuknya], DAPAT_MEMASUKI: [alam bwah loka tumpuan menuju alam swah loka], MENGELUPASI: [suksmasarira yang merupakan kulit dirinya], name: pitra, definition: atma yang masih bersuksmasarira, id: pitra, MEMAKAI: [wujud tersebut selaku pralingga perlambang diri yang dihuni]})"
"(:Node:RITUAL {TERDIRI_DARI: [dua kata, beberapa jenis yang pelaksanaannya ber-bhinneka], DITUJUKAN_UNTUK: [leluhur, orangtua], name: pitra yadnya, definition: Upacara suci yang ditujukan bagi leluhur., id: pitra_yadnya})","[:ADALAH {raw_relation: ADALAH, sentence_id: 971, confidence: HIGH}]","(:Node:RITUAL_KEMATIAN {name: ngelungah, definition: ritual khusus untuk bayi yang belum tumbuh gigi suci, id: ngelungah})"
"(:Node:RITUAL {TERDIRI_DARI: [dua kata, beberapa jenis yang pelaksanaannya ber-bhinneka], DITUJUKAN_UNTUK: [leluhur, orangtua], name: pitra yadnya, definition: Upacara suci yang ditujukan bagi leluhur., id: pitra_yadnya})","[:MENGGUNAKAN {raw_relation: MENGGUNAKAN, sentence_id: 797, confidence: LOW}]","(:Node:SARANA_RITUAL {name: pelbagai sajen dan alat-alat upakara, id: pelbagai_sajen_dan_alat_alat_upakara})"
"(:Node:RITUAL {name: pitra yadnya dataran rendah, definition: hasil penyempurnaan terakhir yang ening sira empu kuturan, id: pitra_yadnya_dataran_rendah})",[:TERMASUK_JENIS],"(:Node:RITUAL {TERDIRI_DARI: [dua kata, beberapa jenis yang pelaksanaannya ber-bhinneka], DITUJUKAN_UNTUK: [leluhur, orangtua], name: pitra yadnya, definition: Upacara suci yang ditujukan bagi leluhur., id: pitra_yadnya})"
"(:Node:RITUAL {name: pitra yadnya tahap kedua, id: pitra_yadnya_tahap_kedua})",[:TERMASUK_JENIS],"(:Node:RITUAL {TERDIRI_DARI: [dua kata, beberapa jenis yang pelaksanaannya ber-bhinneka], DITUJUKAN_UNTUK: [leluhur, orangtua], name: pitra yadnya, definition: Upacara suci yang ditujukan bagi leluhur., id: pitra_yadnya})"
"(:Node:TAHAPAN_UPACARA:Isolated {name: pradaksina, id: pradaksina, MELAMBANGKAN: [turunnya purusa meresapi pradana material memperoleh imbas kesucian dari yang immaterial]})",null,null
"(:Node:SARANA_RITUAL:Isolated {DIMASUKKAN_KE_DALAM: [priuk], name: pramakusa, id: pramakusa, DIMANTRAI: [sebelum dimasukkan ke dalam priuk]})",null,null
"(:Node:RITUAL_KEMATIAN:Isolated {name: pranawa, definition: lambang suara om, id: pranawa})",null,null
"(:Node:TAHAPAN_UPACARA:Isolated {name: prasawya, definition: lambang gerak peningkatan diri dari sesuatu, atau gerak ke atas, id: prasawya})",null,null
"(:Node:ISTILAH_UMUM_RITUAL:Isolated {DIMASUKKAN_KE_DALAM: [periuk], name: pripih emas, id: pripih_emas})",null,null
"(:Node:ISTILAH_UMUM_RITUAL {name: priuk tempat tirtha pangringkes, id: priuk_tempat_tirtha_pangringkes})","[:DIPECAHKAN {raw_relation: DIPECAHKAN, sentence_id: 3783, confidence: LOW}]","(:Node:TIRTHA_SUCI {name: setelah tirtha dipercikkan, id: setelah_tirtha_dipercikkan})"
"(:Node:KONSEP_HUKUM_ADAT {SAMA_DENGAN: [jenis yadnya dan martabat sang mayadnya], name: punia besar-kecilnya, id: punia_besar_kecilnya})",[:TERMASUK_JENIS],"(:Node:KONSEP_HUKUM_ADAT {name: punia, LAHIR_ATAS: [jasa tuntunan yang telah dianugrahkan oleh beliau], DISINKRONKAN_DENGAN: [jenis upacara], definition: perwujudan nyata dari pernyataan parama suksma lahir batin purusa-pradana, id: punia})"
"(:Node:SARANA_RITUAL {BERISI: [nasi dengan lauknya, rokok], name: punjung, id: punjung})","[:DITARUHKAN_DI_SAMPING {raw_relation: DITARUHKAN_DI_SAMPING, sentence_id: 3080, confidence: MED}]","(:Node:ISTILAH_UMUM_RITUAL {DILETAKKAN_DI: [balai, balai-balai rumah adat], DIALASI_DENGAN: [daun pisang saba], aliases: [jenazah /pengawak, jenazah atau simbolik, jenazah mendiang, jenazah seseorang, samping jenazah], DIMASUKKAN_KE_DALAM: [kepala terlebih dahulu], DITELENTANGKAN_DI: [pembungkus], DISERTAI: [kekidungan, peti di sampingnya], DIMANDIKAN_DI_ATAS: [balai-balai rumah adat], DIBUNGKUS: [tiga lapis], DIPAKAIKAN: [pakaian putih-putih], DIBERI: [sesisir pisang, pakaian seperti layaknya orang masih hidup], DIKUBUR: [segera], DIPINDAHKAN_DARI: [rumah adat], HARUS_DIBIARKAN: [sebentar sebelum dibuka pakaiannya], MENJADI: [sasaran segala kegiatan], id: jenazah, DIHIAS_SEOLAH_OLAH: [pergi menghadiri undangan atau ke pura], MEMAKAI: [cincin, gelang, kalung], DITUTUP_DENGAN: [kain putih dari ujung kepala hingga ujung kaki], DIGULUNG_DENGAN: [kain yang telah dirajah, tikar], DIUSUNG_KE: [tempat penusangan], DIBERSIHKAN_DARI: [hal-hal yang lain, kotoran-kotoran yang telah lama berada pada badan orang yang meninggal], HARUS_MELALUI: [ujung pepaga/asagan yang di teben barat], DIIKAT_DENGAN: [tali ktekung], DIKERINGKAN_DENGAN: [kain kering], DITUTUPI_DENGAN: [kain putih panjang kira-kira 2 sampai 2,5 meter], MENJALANI: [rangkaian upacara lain sebelum dibawa ke setra jika diaben], name: jenazah, DIBAWA_KE: [tempat pemandian, balai-balai, setra untuk segera dikuburkan bukan diaben], DIANGGAP_SEBAGAI: [orang yang masih hidup], DIBARINGKAN: [balai-balai], MENUJU: [bale dari arah teben menuju luanan/hulu], MEMBUJUR_KE: [kepala di utara atau timur]})"
"(:Node:BANGUNAN_RITUAL {name: pura atau merajan, id: pura_atau_merajan})",[:TERMASUK_JENIS],"(:Node:BANGUNAN_RITUAL {aliases: [kedua pura], DITUJUKAN_UNTUK: [tempat pemujaan terhadap tuhan penguasa laut dan gunung], name: pura, id: pura})"
"(:Node:BANGUNAN_RITUAL {name: pura dalem, id: pura_dalem})",[:TERMASUK_JENIS],"(:Node:BANGUNAN_RITUAL {aliases: [kedua pura], DITUJUKAN_UNTUK: [tempat pemujaan terhadap tuhan penguasa laut dan gunung], name: pura, id: pura})"
"(:Node:BANGUNAN_RITUAL {name: pura dan pamrajan panyiwiannya, id: pura_dan_pamrajan_panyiwiannya})",[:TERMASUK_JENIS],"(:Node:BANGUNAN_RITUAL {aliases: [kedua pura], DITUJUKAN_UNTUK: [tempat pemujaan terhadap tuhan penguasa laut dan gunung], name: pura, id: pura})"
"(:Node:BANGUNAN_RITUAL {name: pura desa, id: pura_desa})",[:TERMASUK_JENIS],"(:Node:BANGUNAN_RITUAL {aliases: [kedua pura], DITUJUKAN_UNTUK: [tempat pemujaan terhadap tuhan penguasa laut dan gunung], name: pura, id: pura})"
"(:Node:BANGUNAN_RITUAL {BERFUNGSI_SEBAGAI: [sthiti], name: pura kahyangan tiga, definition: tempat pemujaan sang pencipta, id: pura_kahyangan_tiga})",[:TERMASUK_JENIS],"(:Node:BANGUNAN_RITUAL {aliases: [kedua pura], DITUJUKAN_UNTUK: [tempat pemujaan terhadap tuhan penguasa laut dan gunung], name: pura, id: pura})"
"(:Node:BANGUNAN_RITUAL {BERFUNGSI_SEBAGAI: [sthiti], name: pura kahyangan tiga, definition: tempat pemujaan sang pencipta, id: pura_kahyangan_tiga})","[:BERFUNGSI_SEBAGAI {raw_relation: BERFUNGSI_SEBAGAI, sentence_id: 4112, confidence: HIGH}]","(:Node:TAHAPAN_UPACARA {name: pralina, definition: istilah yang telah cukup memasyarakat, id: pralina})"
"(:Node:BANGUNAN_RITUAL {BERFUNGSI_SEBAGAI: [sthiti], name: pura kahyangan tiga, definition: tempat pemujaan sang pencipta, id: pura_kahyangan_tiga})","[:BERFUNGSI_SEBAGAI {raw_relation: BERFUNGSI_SEBAGAI, sentence_id: 4112, confidence: HIGH}]","(:Node:KONSEP_FILOSOFIS {name: utpeti, definition: masuk dan menghuni, id: utpeti})"
"(:Node:BANGUNAN_RITUAL {name: pura mrajapti, id: pura_mrajapti})",[:TERMASUK_JENIS],"(:Node:BANGUNAN_RITUAL {aliases: [kedua pura], DITUJUKAN_UNTUK: [tempat pemujaan terhadap tuhan penguasa laut dan gunung], name: pura, id: pura})"
"(:Node:BANGUNAN_RITUAL {name: pura puseh, id: pura_puseh})",[:TERMASUK_JENIS],"(:Node:BANGUNAN_RITUAL {aliases: [kedua pura], DITUJUKAN_UNTUK: [tempat pemujaan terhadap tuhan penguasa laut dan gunung], name: pura, id: pura})"
"(:Node:SARANA_RITUAL {aliases: [suku tunggal], name: puspa asti, DIPANGKU_OLEH: [salah seorang keluarga], definition: abu yang diambil dengan mempergunakan sumpit/sepit, id: puspa_asti})","[:DILETAKKAN_DI {raw_relation: DILETAKKAN_DI, sentence_id: 780, confidence: HIGH}]","(:Node:BANGUNAN_RITUAL {DILETAKKAN_DI: [sekitar empat atau lima meter di arah hulu dari tempat pembakaran jenazah], BERWUJUD: [rumah kecil sederhana], name: bale salunglung, DIBAWA_KE: [tempat pembakaran], definition: simbol pitraloka untuk tempat badan halus nya mendiang, id: bale_salunglung, DIBUAT_DI: [rumah]})"
"(:Node:SARANA_RITUAL {aliases: [suku tunggal], name: puspa asti, DIPANGKU_OLEH: [salah seorang keluarga], definition: abu yang diambil dengan mempergunakan sumpit/sepit, id: puspa_asti})","[:DIHANCURKAN_DI {raw_relation: DIHANCURKAN_DI, sentence_id: 738, confidence: MED}]","(:Node:SARANA_RITUAL {name: sesenden, id: sesenden})"
"(:Node:SARANA_RITUAL {aliases: [suku tunggal], name: puspa asti, DIPANGKU_OLEH: [salah seorang keluarga], definition: abu yang diambil dengan mempergunakan sumpit/sepit, id: puspa_asti})","[:MENGHATURKAN {raw_relation: MENGHATURKAN, sentence_id: 2448, confidence: MED}]","(:Node:ENTITAS_KEAGAMAAN {name: sembah bakti pamitan kepada bhatara-bhatari, id: sembah_bakti_pamitan_kepada_bhatara_bhatari})"
"(:Node:SARANA_RITUAL {DIBUKA: [keampigan], name: puspa lingga, id: puspa_lingga})","[:ADALAH {raw_relation: ADALAH, sentence_id: 2777, confidence: MED}]","(:Node:SARANA_RITUAL {name: sejenis sangge, id: sejenis_sangge})"
"(:Node:SARANA_RITUAL {DIBUKA: [keampigan], name: puspa lingga, id: puspa_lingga})","[:BERPERAN_SEBAGAI {raw_relation: BERPERAN_SEBAGAI, sentence_id: 2777, confidence: MED}]","(:Node:ENTITAS_KEAGAMAAN {name: badan suksma bhatara, id: badan_suksma_bhatara})"
"(:Node:ISTILAH_UMUM_RITUAL {name: raçadana, id: ra_adana})","[:SAMA_DENGAN {raw_relation: SAMA_DENGAN, sentence_id: 271, confidence: LOW}]","(:Node:RITUAL_KEMATIAN {name: atiwa-tiwa asti vedana, id: atiwa_tiwa_asti_vedana})"
"(:Node:ISTILAH_UMUM_RITUAL:Isolated {name: raja bali, id: raja_bali, BERASAL_DARI: [gelgel/klungkung]})",null,null
"(:Node:KONSEP_FILOSOFIS {name: rasa, id: rasa})","[:BERASAL_DARI {raw_relation: BERASAL_DARI, sentence_id: 4301, confidence: MED}]","(:Node:KONSEP_FILOSOFIS {name: apah, id: apah, MELAMBANGKAN: [unsur cair]})"
"(:Node:RITUAL_KEMATIAN {name: recadana atau swasta geni, id: recadana_atau_swasta_geni})",[:TERMASUK_JENIS],"(:Node:RITUAL_KEMATIAN {aliases: [recadana, tirta yadnya pranawa], MENGGUNAKAN: [kayu cendana dan aksara sakral sebagai simbol pengganti jasad], DIMASUKKAN_KE_DALAM: [periuk], name: swasta, definition: upacara yang dilakukan jika jenazah tidak ditemukan atau meninggal di perantauan, id: swasta})"
"(:Node:RITUAL_KEMATIAN {name: recadana atau swasta geni, id: recadana_atau_swasta_geni})","[:MELENGKAPI {raw_relation: MELENGKAPI, sentence_id: 1931, confidence: MED}]","(:Node:RITUAL_KEMATIAN {aliases: [pangabenan jenis masing-masing], TERDIRI_DARI: [berbagai jenis], name: pangabenan, DIGELAR: [hari kamis], MEMILIKI: [nama sendiri-sendiri], id: pangabenan, DINILAI_SEBAGAI: [tingkat utama]})"
"(:Node:KONSEP_FILOSOFIS {name: roh atau atman, id: roh_atau_atman})","[:DAPAT_MENCAPAI {raw_relation: DAPAT_MENCAPAI, sentence_id: 4074, confidence: LOW}]","(:Node:KONSEP_FILOSOFIS {name: alam sorga dengan tenang, id: alam_sorga_dengan_tenang})"
"(:Node:ISTILAH_UMUM_RITUAL {name: sajen kecil, id: sajen_kecil})","[:DIPERSEMBAHKAN_KEPADA {raw_relation: DIPERSEMBAHKAN_KEPADA, sentence_id: 1082, confidence: MED}]","(:Node:ISTILAH_UMUM_RITUAL {DILETAKKAN_DI: [balai, balai-balai rumah adat], DIALASI_DENGAN: [daun pisang saba], aliases: [jenazah /pengawak, jenazah atau simbolik, jenazah mendiang, jenazah seseorang, samping jenazah], DIMASUKKAN_KE_DALAM: [kepala terlebih dahulu], DITELENTANGKAN_DI: [pembungkus], DISERTAI: [kekidungan, peti di sampingnya], DIMANDIKAN_DI_ATAS: [balai-balai rumah adat], DIBUNGKUS: [tiga lapis], DIPAKAIKAN: [pakaian putih-putih], DIBERI: [sesisir pisang, pakaian seperti layaknya orang masih hidup], DIKUBUR: [segera], DIPINDAHKAN_DARI: [rumah adat], HARUS_DIBIARKAN: [sebentar sebelum dibuka pakaiannya], MENJADI: [sasaran segala kegiatan], id: jenazah, DIHIAS_SEOLAH_OLAH: [pergi menghadiri undangan atau ke pura], MEMAKAI: [cincin, gelang, kalung], DITUTUP_DENGAN: [kain putih dari ujung kepala hingga ujung kaki], DIGULUNG_DENGAN: [kain yang telah dirajah, tikar], DIUSUNG_KE: [tempat penusangan], DIBERSIHKAN_DARI: [hal-hal yang lain, kotoran-kotoran yang telah lama berada pada badan orang yang meninggal], HARUS_MELALUI: [ujung pepaga/asagan yang di teben barat], DIIKAT_DENGAN: [tali ktekung], DIKERINGKAN_DENGAN: [kain kering], DITUTUPI_DENGAN: [kain putih panjang kira-kira 2 sampai 2,5 meter], MENJALANI: [rangkaian upacara lain sebelum dibawa ke setra jika diaben], name: jenazah, DIBAWA_KE: [tempat pemandian, balai-balai, setra untuk segera dikuburkan bukan diaben], DIANGGAP_SEBAGAI: [orang yang masih hidup], DIBARINGKAN: [balai-balai], MENUJU: [bale dari arah teben menuju luanan/hulu], MEMBUJUR_KE: [kepala di utara atau timur]})"
"(:Node:ISTILAH_UMUM_RITUAL {name: sajen kecil, id: sajen_kecil})","[:DIKENAL_SEBAGAI {raw_relation: DIKENAL_SEBAGAI, sentence_id: 1082, confidence: LOW}]","(:Node:SARANA_RITUAL {name: pengulapan, id: pengulapan})"
"(:Node:ISTILAH_UMUM_RITUAL {name: sambungan, id: sambungan})","[:ADALAH {raw_relation: ADALAH, sentence_id: 2336, confidence: MED}]","(:Node:SARANA_RITUAL {name: lancingan, id: lancingan})"
"(:Node:SARANA_RITUAL:Isolated {SEPANJANG: [dua atau 30 meter], name: sambungan kain putih, id: sambungan_kain_putih})",null,null
"(:Node:TIRTHA_SUCI {name: samsam tidak seperti tirtha panglukatan, id: samsam_tidak_seperti_tirtha_panglukatan})",[:TERMASUK_JENIS],"(:Node:SARANA_RITUAL {name: samsam, id: samsam})"
"(:Node:ISTILAH_UMUM_RITUAL {name: sang cucu, id: sang_cucu})","[:MEMOHON {raw_relation: MEMOHON, sentence_id: 2262, confidence: MED}]","(:Node:TIRTHA_SUCI {DIMOHON_KEPADA: [pendeta yang muput pangabenan itu sendiri], aliases: [tirtha lainnya], BERPERAN_SEBAGAI: [sarana untuk menetapkan kedudukan arwah mendiang pada satu alam roh (pitra) tertentu], DIPAKAI_UNTUK: [ngalukat], BERFUNGSI_SEBAGAI: [sarana pengembalian roh (atma) kepada sang pencipta, sarana untuk meningkatkan kedudukan roh orang yang meninggal yang masih dalam tingkatan preta menjadi pitara], DIMOHONKAN_DI: [sanggah/pamerajan keluarga orang yang meninggal], DIPERCIKKAN_PADA: [kedua perlambang, seluruh badan hingga ke kaki jenazah], DITUJUKAN_UNTUK: [arwah mendiang dalam peristiwa beralihnya dari dunia manusia ke dunia roh], name: tirtha, DIBAWA_KE: [setra untuk dipergunakan pada waktu pembakaran], MEMILIKI: [tarif, harga, nilai spiritual yang sama, fungsi sarana untuk mengucapkan permohonan pamit terhadap leluhur , agar nanti nya dapat ikut masuk kealam kedewataan, fungsi sarana yang dapat mengantarkan agar roh orang yang meninggal mendapatkan tempat yang baik atau dalam kata lain roh tersebut tidak mengalami kesengsaraan], definition: sarana restu dari ida bhatara di kahyangan tersebut, id: tirtha})"
"(:Node:TAHAPAN_UPACARA:Isolated {name: sangaskara, samskara, atau panyangaskara, definition: upacara penyucian, id: sangaskara_samskara_atau_panyangaskara})",null,null
"(:Node:BANGUNAN_RITUAL:Isolated {name: sanggar surya baligia, MEMILIKI: [tiga buah ruang], id: sanggar_surya_baligia})",null,null
"(:Node:SARANA_RITUAL {name: sangge, definition: sang ngae diri kita, id: sangge})","[:BAGIAN_DARI {raw_relation: JENIS_DARI, sentence_id: 2794, confidence: HIGH}]","(:Node:SARANA_RITUAL {aliases: [mendiang dalam wujud sekah], DIALASI: [meja rendah], name: sekah, DIAJAK_BERKOMUNIKASI_OLEH: [keluarga], DIMASUKKAN_MELALUI: [pintu belakang], id: sekah, MEMBELAKANGI: [pendeta]})"
"(:Node:ISTILAH_UMUM_RITUAL:Isolated {DIPERSEMBAHKAN_KEPADA: [sulinggih, tukang banten, tamu terhormat, dan tamu khusus lainnya], name: santapan istimewa, id: santapan_istimewa})",null,null
"(:Node:SARANA_RITUAL:Isolated {name: saput, id: saput, BERWARNA: [putih]})",null,null
"(:Node:ISTILAH_UMUM_RITUAL:Isolated {name: sarana mewah, definition: bade/petulangan, id: sarana_mewah})",null,null
"(:Node:ISTILAH_UMUM_RITUAL {name: sarana-sarana tersebut, id: sarana_sarana_tersebut})","[:DIMANTRAI_OLEH {raw_relation: DIMANTRAI_OLEH, sentence_id: 4273, confidence: LOW}]","(:Node:ENTITAS_KEAGAMAAN {name: ida sang sulinggih sebelum dimasukkan, id: ida_sang_sulinggih_sebelum_dimasukkan})"
"(:Node:KONSEP_HUKUM_ADAT {name: sasih kaenem, id: sasih_kaenem})","[:DIKENAL_SEBAGAI {raw_relation: DIKENAL_SEBAGAI, sentence_id: 400, confidence: LOW}]","(:Node:KONSEP_HUKUM_ADAT {name: dewasa madya, id: dewasa_madya})"
"(:Node:KONSEP_HUKUM_ADAT {name: sasih kapitu, id: sasih_kapitu})","[:DIKENAL_SEBAGAI {raw_relation: DIKENAL_SEBAGAI, sentence_id: 400, confidence: LOW}]","(:Node:KONSEP_HUKUM_ADAT {name: dewasa madya, id: dewasa_madya})"
"(:Node:KONSEP_HUKUM_ADAT {name: sasih karo, id: sasih_karo})","[:ADALAH {raw_relation: ADALAH, sentence_id: 399, confidence: LOW}]","(:Node:RITUAL {name: sasih utama untuk pitra yadnya, id: sasih_utama_untuk_pitra_yadnya})"
"(:Node:KONSEP_HUKUM_ADAT:Isolated {name: sasih paruwak tahuk, definition: sasih berbadankan kosong, id: sasih_paruwak_tahuk})",null,null
"(:Node:ISTILAH_UMUM_RITUAL:Isolated {name: satu dua perhiasan pusaka, id: satu_dua_perhiasan_pusaka})",null,null
"(:Node:ISTILAH_UMUM_RITUAL {DILETAKKAN_DI: [para-para tempat pembakaran, para-para pembakaran], aliases: [sawa baru, sawa utuh, wujud sawa], DISERTAI: [kakawin], DIIKAT: [sebelas kali], DITANAM_ATAU_DIBAKAR: [dengan status dititip], MENGHADAPI: [upacara pabersihan dengan berbagai rangkaian nya], DIBERI: [pakaian lengkap], DIIKAT_DENGAN: [benang leleson], name: sawa, MENYEBARKAN: [bau yang kurang sedap], DIBAWA_KE: [balai-balai rumah adat], id: sawa, DIBAKAR_DENGAN: [khusuk]})","[:BERADA_DI {raw_relation: BERADA_DI, sentence_id: 1040, confidence: HIGH}]","(:Node:SARANA_RITUAL {aliases: [atas galar], TERDIRI_DARI: [bilah-bilah bambu sebanyak 9 buah], name: galar, id: galar})"
"(:Node:ISTILAH_UMUM_RITUAL {DILETAKKAN_DI: [para-para tempat pembakaran, para-para pembakaran], aliases: [sawa baru, sawa utuh, wujud sawa], DISERTAI: [kakawin], DIIKAT: [sebelas kali], DITANAM_ATAU_DIBAKAR: [dengan status dititip], MENGHADAPI: [upacara pabersihan dengan berbagai rangkaian nya], DIBERI: [pakaian lengkap], DIIKAT_DENGAN: [benang leleson], name: sawa, MENYEBARKAN: [bau yang kurang sedap], DIBAWA_KE: [balai-balai rumah adat], id: sawa, DIBAKAR_DENGAN: [khusuk]})","[:BERADA_DI {raw_relation: BERADA_DI, sentence_id: 1213, confidence: HIGH}]","(:Node:BANGUNAN_RITUAL {name: kuburan, DIBONGKAR: [untuk mengambil tulang belulang], id: kuburan})"
"(:Node:ISTILAH_UMUM_RITUAL {DILETAKKAN_DI: [para-para tempat pembakaran, para-para pembakaran], aliases: [sawa baru, sawa utuh, wujud sawa], DISERTAI: [kakawin], DIIKAT: [sebelas kali], DITANAM_ATAU_DIBAKAR: [dengan status dititip], MENGHADAPI: [upacara pabersihan dengan berbagai rangkaian nya], DIBERI: [pakaian lengkap], DIIKAT_DENGAN: [benang leleson], name: sawa, MENYEBARKAN: [bau yang kurang sedap], DIBAWA_KE: [balai-balai rumah adat], id: sawa, DIBAKAR_DENGAN: [khusuk]})","[:BERADA_DI {raw_relation: DIBAWA_KE, sentence_id: 1417, confidence: HIGH}]","(:Node:BANGUNAN_RITUAL {aliases: [sebuah setra], name: setra, id: setra})"
"(:Node:ISTILAH_UMUM_RITUAL {DILETAKKAN_DI: [para-para tempat pembakaran, para-para pembakaran], aliases: [sawa baru, sawa utuh, wujud sawa], DISERTAI: [kakawin], DIIKAT: [sebelas kali], DITANAM_ATAU_DIBAKAR: [dengan status dititip], MENGHADAPI: [upacara pabersihan dengan berbagai rangkaian nya], DIBERI: [pakaian lengkap], DIIKAT_DENGAN: [benang leleson], name: sawa, MENYEBARKAN: [bau yang kurang sedap], DIBAWA_KE: [balai-balai rumah adat], id: sawa, DIBAKAR_DENGAN: [khusuk]})","[:MENJADI {raw_relation: MENJADI, sentence_id: 1482, confidence: MED}]","(:Node:SARANA_RITUAL {MUSNAH: [melalui ritual amrethi karana], aliases: [abu abu kekototan kekotoran, abu seluruhnya, abu suku tunggal, abu tulang], DIHANYUTKAN_KE: [sungai], DIMASUKKAN_KE_DALAM: [klungah nyuh gading yang dikasturi dan disukutunggalkan], name: abu, MENJADI: [mahabutha yang suci], BERUBAH_DARI: [bekas benda badan linggasarira], id: abu})"
"(:Node:ISTILAH_UMUM_RITUAL {DILETAKKAN_DI: [para-para tempat pembakaran, para-para pembakaran], aliases: [sawa baru, sawa utuh, wujud sawa], DISERTAI: [kakawin], DIIKAT: [sebelas kali], DITANAM_ATAU_DIBAKAR: [dengan status dititip], MENGHADAPI: [upacara pabersihan dengan berbagai rangkaian nya], DIBERI: [pakaian lengkap], DIIKAT_DENGAN: [benang leleson], name: sawa, MENYEBARKAN: [bau yang kurang sedap], DIBAWA_KE: [balai-balai rumah adat], id: sawa, DIBAKAR_DENGAN: [khusuk]})","[:DILETAKKAN_DI {raw_relation: DILETAKKAN_DI, sentence_id: 1215, confidence: MED}]","(:Node:TAHAPAN_UPACARA {name: lubang tempat penguburan, id: lubang_tempat_penguburan})"
"(:Node:ISTILAH_UMUM_RITUAL {DILETAKKAN_DI: [para-para tempat pembakaran, para-para pembakaran], aliases: [sawa baru, sawa utuh, wujud sawa], DISERTAI: [kakawin], DIIKAT: [sebelas kali], DITANAM_ATAU_DIBAKAR: [dengan status dititip], MENGHADAPI: [upacara pabersihan dengan berbagai rangkaian nya], DIBERI: [pakaian lengkap], DIIKAT_DENGAN: [benang leleson], name: sawa, MENYEBARKAN: [bau yang kurang sedap], DIBAWA_KE: [balai-balai rumah adat], id: sawa, DIBAKAR_DENGAN: [khusuk]})","[:DINAIKKAN_KE {raw_relation: DINAIKKAN_KE, sentence_id: 1133, confidence: LOW}]","(:Node:SARANA_RITUAL {name: tumpang salu, id: tumpang_salu})"
"(:Node:ISTILAH_UMUM_RITUAL {DILETAKKAN_DI: [para-para tempat pembakaran, para-para pembakaran], aliases: [sawa baru, sawa utuh, wujud sawa], DISERTAI: [kakawin], DIIKAT: [sebelas kali], DITANAM_ATAU_DIBAKAR: [dengan status dititip], MENGHADAPI: [upacara pabersihan dengan berbagai rangkaian nya], DIBERI: [pakaian lengkap], DIIKAT_DENGAN: [benang leleson], name: sawa, MENYEBARKAN: [bau yang kurang sedap], DIBAWA_KE: [balai-balai rumah adat], id: sawa, DIBAKAR_DENGAN: [khusuk]})","[:DIGANTI_DENGAN {raw_relation: DIGANTI_DENGAN, sentence_id: 271, confidence: MED}]","(:Node:TIRTHA_SUCI {name: simbol tirtha, id: simbol_tirtha})"
"(:Node:ISTILAH_UMUM_RITUAL {DILETAKKAN_DI: [para-para tempat pembakaran, para-para pembakaran], aliases: [sawa baru, sawa utuh, wujud sawa], DISERTAI: [kakawin], DIIKAT: [sebelas kali], DITANAM_ATAU_DIBAKAR: [dengan status dititip], MENGHADAPI: [upacara pabersihan dengan berbagai rangkaian nya], DIBERI: [pakaian lengkap], DIIKAT_DENGAN: [benang leleson], name: sawa, MENYEBARKAN: [bau yang kurang sedap], DIBAWA_KE: [balai-balai rumah adat], id: sawa, DIBAKAR_DENGAN: [khusuk]})","[:DISIRAM_DENGAN {raw_relation: DISIRAM_DENGAN, sentence_id: 1216, confidence: HIGH}]","(:Node:TIRTHA_SUCI {aliases: [toya penembak], name: yeh panembak, definition: sarana penyucian jenazah yang digunakan oleh penganut sekte paksa surya, id: yeh_panembak})"
"(:Node:ISTILAH_UMUM_RITUAL {DILETAKKAN_DI: [para-para tempat pembakaran, para-para pembakaran], aliases: [sawa baru, sawa utuh, wujud sawa], DISERTAI: [kakawin], DIIKAT: [sebelas kali], DITANAM_ATAU_DIBAKAR: [dengan status dititip], MENGHADAPI: [upacara pabersihan dengan berbagai rangkaian nya], DIBERI: [pakaian lengkap], DIIKAT_DENGAN: [benang leleson], name: sawa, MENYEBARKAN: [bau yang kurang sedap], DIBAWA_KE: [balai-balai rumah adat], id: sawa, DIBAKAR_DENGAN: [khusuk]})","[:DIBUNGKUS_DENGAN {raw_relation: DIBUNGKUS_DENGAN, sentence_id: 961, confidence: HIGH}]","(:Node:SARANA_RITUAL {name: kain putih, id: kain_putih})"
"(:Node:ISTILAH_UMUM_RITUAL {DILETAKKAN_DI: [para-para tempat pembakaran, para-para pembakaran], aliases: [sawa baru, sawa utuh, wujud sawa], DISERTAI: [kakawin], DIIKAT: [sebelas kali], DITANAM_ATAU_DIBAKAR: [dengan status dititip], MENGHADAPI: [upacara pabersihan dengan berbagai rangkaian nya], DIBERI: [pakaian lengkap], DIIKAT_DENGAN: [benang leleson], name: sawa, MENYEBARKAN: [bau yang kurang sedap], DIBAWA_KE: [balai-balai rumah adat], id: sawa, DIBAKAR_DENGAN: [khusuk]})","[:MEMPEROLEH {raw_relation: MEMPEROLEH, sentence_id: 1188, confidence: MED}]","(:Node:SARANA_RITUAL {name: sesaji, id: sesaji})"
"(:Node:ISTILAH_UMUM_RITUAL {DILETAKKAN_DI: [para-para tempat pembakaran, para-para pembakaran], aliases: [sawa baru, sawa utuh, wujud sawa], DISERTAI: [kakawin], DIIKAT: [sebelas kali], DITANAM_ATAU_DIBAKAR: [dengan status dititip], MENGHADAPI: [upacara pabersihan dengan berbagai rangkaian nya], DIBERI: [pakaian lengkap], DIIKAT_DENGAN: [benang leleson], name: sawa, MENYEBARKAN: [bau yang kurang sedap], DIBAWA_KE: [balai-balai rumah adat], id: sawa, DIBAKAR_DENGAN: [khusuk]})","[:MEMPEROLEH {raw_relation: MEMPEROLEH, sentence_id: 1188, confidence: MED}]","(:Node:TIRTHA_SUCI {DIMOHON_KEPADA: [pendeta yang muput pangabenan itu sendiri], aliases: [tirtha lainnya], BERPERAN_SEBAGAI: [sarana untuk menetapkan kedudukan arwah mendiang pada satu alam roh (pitra) tertentu], DIPAKAI_UNTUK: [ngalukat], BERFUNGSI_SEBAGAI: [sarana pengembalian roh (atma) kepada sang pencipta, sarana untuk meningkatkan kedudukan roh orang yang meninggal yang masih dalam tingkatan preta menjadi pitara], DIMOHONKAN_DI: [sanggah/pamerajan keluarga orang yang meninggal], DIPERCIKKAN_PADA: [kedua perlambang, seluruh badan hingga ke kaki jenazah], DITUJUKAN_UNTUK: [arwah mendiang dalam peristiwa beralihnya dari dunia manusia ke dunia roh], name: tirtha, DIBAWA_KE: [setra untuk dipergunakan pada waktu pembakaran], MEMILIKI: [tarif, harga, nilai spiritual yang sama, fungsi sarana untuk mengucapkan permohonan pamit terhadap leluhur , agar nanti nya dapat ikut masuk kealam kedewataan, fungsi sarana yang dapat mengantarkan agar roh orang yang meninggal mendapatkan tempat yang baik atau dalam kata lain roh tersebut tidak mengalami kesengsaraan], definition: sarana restu dari ida bhatara di kahyangan tersebut, id: tirtha})"
"(:Node:ISTILAH_UMUM_RITUAL {DILETAKKAN_DI: [para-para tempat pembakaran, para-para pembakaran], aliases: [sawa baru, sawa utuh, wujud sawa], DISERTAI: [kakawin], DIIKAT: [sebelas kali], DITANAM_ATAU_DIBAKAR: [dengan status dititip], MENGHADAPI: [upacara pabersihan dengan berbagai rangkaian nya], DIBERI: [pakaian lengkap], DIIKAT_DENGAN: [benang leleson], name: sawa, MENYEBARKAN: [bau yang kurang sedap], DIBAWA_KE: [balai-balai rumah adat], id: sawa, DIBAKAR_DENGAN: [khusuk]})","[:DIKURUNG_DENGAN {raw_relation: DIKURUNG_DENGAN, sentence_id: 1558, confidence: MED}]","(:Node:BANGUNAN_RITUAL {name: paplengkungan, id: paplengkungan})"
"(:Node:ISTILAH_UMUM_RITUAL {DILETAKKAN_DI: [para-para tempat pembakaran, para-para pembakaran], aliases: [sawa baru, sawa utuh, wujud sawa], DISERTAI: [kakawin], DIIKAT: [sebelas kali], DITANAM_ATAU_DIBAKAR: [dengan status dititip], MENGHADAPI: [upacara pabersihan dengan berbagai rangkaian nya], DIBERI: [pakaian lengkap], DIIKAT_DENGAN: [benang leleson], name: sawa, MENYEBARKAN: [bau yang kurang sedap], DIBAWA_KE: [balai-balai rumah adat], id: sawa, DIBAKAR_DENGAN: [khusuk]})","[:BERUBAH_MENJADI {raw_relation: BERUBAH_MENJADI, sentence_id: 1016, confidence: MED}]","(:Node:KONSEP_FILOSOFIS {name: unsur, elemen atau mahabutha, id: unsur_elemen_atau_mahabutha})"
"(:Node:ISTILAH_UMUM_RITUAL {DILETAKKAN_DI: [para-para tempat pembakaran, para-para pembakaran], aliases: [sawa baru, sawa utuh, wujud sawa], DISERTAI: [kakawin], DIIKAT: [sebelas kali], DITANAM_ATAU_DIBAKAR: [dengan status dititip], MENGHADAPI: [upacara pabersihan dengan berbagai rangkaian nya], DIBERI: [pakaian lengkap], DIIKAT_DENGAN: [benang leleson], name: sawa, MENYEBARKAN: [bau yang kurang sedap], DIBAWA_KE: [balai-balai rumah adat], id: sawa, DIBAKAR_DENGAN: [khusuk]})","[:DITANAM_ATAU_DIBAKAR_BERSAMA {raw_relation: DITANAM_ATAU_DIBAKAR_BERSAMA, sentence_id: 1219, confidence: MED}]","(:Node:TAHAPAN_UPACARA {name: semua alat pangringkesan, id: semua_alat_pangringkesan})"
"(:Node:ISTILAH_UMUM_RITUAL {DILETAKKAN_DI: [para-para tempat pembakaran, para-para pembakaran], aliases: [sawa baru, sawa utuh, wujud sawa], DISERTAI: [kakawin], DIIKAT: [sebelas kali], DITANAM_ATAU_DIBAKAR: [dengan status dititip], MENGHADAPI: [upacara pabersihan dengan berbagai rangkaian nya], DIBERI: [pakaian lengkap], DIIKAT_DENGAN: [benang leleson], name: sawa, MENYEBARKAN: [bau yang kurang sedap], DIBAWA_KE: [balai-balai rumah adat], id: sawa, DIBAKAR_DENGAN: [khusuk]})","[:DIPERCIKI_DENGAN {raw_relation: DIPERCIKI_DENGAN, sentence_id: 1422, confidence: MED}]","(:Node:TIRTHA_SUCI {name: berbagai jenis tirtha, id: berbagai_jenis_tirtha})"
"(:Node:ISTILAH_UMUM_RITUAL {DILETAKKAN_DI: [para-para tempat pembakaran, para-para pembakaran], aliases: [sawa baru, sawa utuh, wujud sawa], DISERTAI: [kakawin], DIIKAT: [sebelas kali], DITANAM_ATAU_DIBAKAR: [dengan status dititip], MENGHADAPI: [upacara pabersihan dengan berbagai rangkaian nya], DIBERI: [pakaian lengkap], DIIKAT_DENGAN: [benang leleson], name: sawa, MENYEBARKAN: [bau yang kurang sedap], DIBAWA_KE: [balai-balai rumah adat], id: sawa, DIBAKAR_DENGAN: [khusuk]})","[:DIBARINGKAN_DI {raw_relation: DIBARINGKAN_DI, sentence_id: 1558, confidence: MED}]","(:Node:SARANA_RITUAL {name: tumpang salu, id: tumpang_salu})"
"(:Node:ISTILAH_UMUM_RITUAL {name: sawa asli, id: sawa_asli})",[:TERMASUK_JENIS],"(:Node:ISTILAH_UMUM_RITUAL {DILETAKKAN_DI: [para-para tempat pembakaran, para-para pembakaran], aliases: [sawa baru, sawa utuh, wujud sawa], DISERTAI: [kakawin], DIIKAT: [sebelas kali], DITANAM_ATAU_DIBAKAR: [dengan status dititip], MENGHADAPI: [upacara pabersihan dengan berbagai rangkaian nya], DIBERI: [pakaian lengkap], DIIKAT_DENGAN: [benang leleson], name: sawa, MENYEBARKAN: [bau yang kurang sedap], DIBAWA_KE: [balai-balai rumah adat], id: sawa, DIBAKAR_DENGAN: [khusuk]})"
"(:Node:ISTILAH_UMUM_RITUAL {name: sawa dititip, id: sawa_dititip})",[:TERMASUK_JENIS],"(:Node:ISTILAH_UMUM_RITUAL {DILETAKKAN_DI: [para-para tempat pembakaran, para-para pembakaran], aliases: [sawa baru, sawa utuh, wujud sawa], DISERTAI: [kakawin], DIIKAT: [sebelas kali], DITANAM_ATAU_DIBAKAR: [dengan status dititip], MENGHADAPI: [upacara pabersihan dengan berbagai rangkaian nya], DIBERI: [pakaian lengkap], DIIKAT_DENGAN: [benang leleson], name: sawa, MENYEBARKAN: [bau yang kurang sedap], DIBAWA_KE: [balai-balai rumah adat], id: sawa, DIBAKAR_DENGAN: [khusuk]})"
"(:Node:ISTILAH_UMUM_RITUAL {name: sawa dititip, id: sawa_dititip})","[:MENUNGGU {raw_relation: MENUNGGU, sentence_id: 1169, confidence: LOW}]","(:Node:RITUAL_KEMATIAN {name: rezeki untuk menggelar ngaben, id: rezeki_untuk_menggelar_ngaben})"
"(:Node:RITUAL_KEMATIAN {name: sawa wedana, definition: pengabenan yang paling banyak ada upacara , sesajen dan upakara nya, BERTUJUAN_MENYUCIKAN: [arwah], id: sawa_wedana, MEMBERIKAN: [kemegahan semantap-mantap, wibawa]})",[:TERMASUK_JENIS],"(:Node:ISTILAH_UMUM_RITUAL {DILETAKKAN_DI: [para-para tempat pembakaran, para-para pembakaran], aliases: [sawa baru, sawa utuh, wujud sawa], DISERTAI: [kakawin], DIIKAT: [sebelas kali], DITANAM_ATAU_DIBAKAR: [dengan status dititip], MENGHADAPI: [upacara pabersihan dengan berbagai rangkaian nya], DIBERI: [pakaian lengkap], DIIKAT_DENGAN: [benang leleson], name: sawa, MENYEBARKAN: [bau yang kurang sedap], DIBAWA_KE: [balai-balai rumah adat], id: sawa, DIBAKAR_DENGAN: [khusuk]})"
"(:Node:RITUAL_KEMATIAN {name: sawa wedana, definition: pengabenan yang paling banyak ada upacara , sesajen dan upakara nya, BERTUJUAN_MENYUCIKAN: [arwah], id: sawa_wedana, MEMBERIKAN: [kemegahan semantap-mantap, wibawa]})","[:BERTUJUAN_MENYUCIKAN {raw_relation: BERTUJUAN_MENYUCIKAN, sentence_id: 2502, confidence: MED}]","(:Node:ISTILAH_UMUM_RITUAL {name: badan halus mendiang, id: badan_halus_mendiang})"
"(:Node:SARANA_RITUAL {aliases: [mendiang dalam wujud sekah], DIALASI: [meja rendah], name: sekah, DIAJAK_BERKOMUNIKASI_OLEH: [keluarga], DIMASUKKAN_MELALUI: [pintu belakang], id: sekah, MEMBELAKANGI: [pendeta]})",[:TERMASUK_JENIS],"(:Node:ISTILAH_UMUM_RITUAL {AKRAB_DENGAN: [penghadang], MENYERAHKAN: [beban, hak dan berbagai milik yang dulunya ada pada mendiang, tanggung jawab], MENGALAMI: [perubahan wujud], DITERIMA_SEBAGAI: [warga baru dalam pergaulan alam roh], BERUBAH_DARI_SUKSMA_SARIRA_MENJADI: [tanpa berbadan sama sekali atau atma tattwatma], MEMPEROLEH_DARI: [pendeta], DIBERI: [ampun], MEMPEROLEH: [ayaban upakara diuskamaligi yang bermakna penyucian, kemantapan, kesucian, ketenangan, situasi demikian di alam lain], name: mendiang, MEMEGANG: [jabatan], MEMILIKI: [ikatan erat dengan masyarakat, pertalian intim dengan soal duniawi material, cucu-cucu, keponakan], id: mendiang, DIANGGAP_SEBAGAI: [seseorang yang masih hidup]})"
"(:Node:SARANA_RITUAL {aliases: [mendiang dalam wujud sekah], DIALASI: [meja rendah], name: sekah, DIAJAK_BERKOMUNIKASI_OLEH: [keluarga], DIMASUKKAN_MELALUI: [pintu belakang], id: sekah, MEMBELAKANGI: [pendeta]})","[:DILETAKKAN_DI {raw_relation: DILETAKKAN_DI, sentence_id: 2748, confidence: MED}]","(:Node:BANGUNAN_RITUAL {name: balai pawedan, id: balai_pawedan})"
"(:Node:SARANA_RITUAL {aliases: [mendiang dalam wujud sekah], DIALASI: [meja rendah], name: sekah, DIAJAK_BERKOMUNIKASI_OLEH: [keluarga], DIMASUKKAN_MELALUI: [pintu belakang], id: sekah, MEMBELAKANGI: [pendeta]})","[:DINAIKKAN_KE {raw_relation: DINAIKKAN_KE, sentence_id: 2787, confidence: MED}]","(:Node:SARANA_RITUAL {aliases: [atas bukur], name: bukur, id: bukur})"
"(:Node:SARANA_RITUAL {aliases: [mendiang dalam wujud sekah], DIALASI: [meja rendah], name: sekah, DIAJAK_BERKOMUNIKASI_OLEH: [keluarga], DIMASUKKAN_MELALUI: [pintu belakang], id: sekah, MEMBELAKANGI: [pendeta]})","[:DIALASI {raw_relation: DIALASI, sentence_id: 2748, confidence: MED}]","(:Node:SARANA_RITUAL {DILETAKKAN_DI: [hulu arena upacara], aliases: [dulang atau meja kecil, dulang tanah], name: dulang, id: dulang})"
"(:Node:SARANA_RITUAL {name: sekah abin, DIPANGKU_OLEH: [yang menggelar yadnya], id: sekah_abin, BERPERAN_SEBAGAI: [ciri khusus]})",[:TERMASUK_JENIS],"(:Node:SARANA_RITUAL {aliases: [mendiang dalam wujud sekah], DIALASI: [meja rendah], name: sekah, DIAJAK_BERKOMUNIKASI_OLEH: [keluarga], DIMASUKKAN_MELALUI: [pintu belakang], id: sekah, MEMBELAKANGI: [pendeta]})"
"(:Node:SARANA_RITUAL {DISUCIKAN_DENGAN: [sajen kecil sebagai pengantar], MENGGUNAKAN: [meja pendek kecil], name: sekah kangsen, id: sekah_kangsen, DIBONGKAR_SETELAH: [pamralina]})",[:TERMASUK_JENIS],"(:Node:SARANA_RITUAL {aliases: [mendiang dalam wujud sekah], DIALASI: [meja rendah], name: sekah, DIAJAK_BERKOMUNIKASI_OLEH: [keluarga], DIMASUKKAN_MELALUI: [pintu belakang], id: sekah, MEMBELAKANGI: [pendeta]})"
"(:Node:SARANA_RITUAL {DISUCIKAN_DENGAN: [sajen kecil sebagai pengantar], MENGGUNAKAN: [meja pendek kecil], name: sekah kangsen, id: sekah_kangsen, DIBONGKAR_SETELAH: [pamralina]})","[:MENGGUNAKAN {raw_relation: MENGGUNAKAN, sentence_id: 2619, confidence: MED}]","(:Node:SARANA_RITUAL {DILETAKKAN_DI: [hulu arena upacara], aliases: [dulang atau meja kecil, dulang tanah], name: dulang, id: dulang})"
"(:Node:SARANA_RITUAL {name: sekah sangge, id: sekah_sangge})","[:BAGIAN_DARI {raw_relation: JENIS_DARI, sentence_id: 2748, confidence: MED}]","(:Node:SARANA_RITUAL {aliases: [mendiang dalam wujud sekah], DIALASI: [meja rendah], name: sekah, DIAJAK_BERKOMUNIKASI_OLEH: [keluarga], DIMASUKKAN_MELALUI: [pintu belakang], id: sekah, MEMBELAKANGI: [pendeta]})"
"(:Node:SARANA_RITUAL {name: sekah sangge, id: sekah_sangge})",[:TERMASUK_JENIS],"(:Node:SARANA_RITUAL {aliases: [mendiang dalam wujud sekah], DIALASI: [meja rendah], name: sekah, DIAJAK_BERKOMUNIKASI_OLEH: [keluarga], DIMASUKKAN_MELALUI: [pintu belakang], id: sekah, MEMBELAKANGI: [pendeta]})"
"(:Node:SARANA_RITUAL {TERDIRI_DARI: [beras kuning, daun temen], name: sekar ura, id: sekar_ura, MELAMBANGKAN: [harapan selalu diberikan kesejahteraan dan kemakmuran, perpisahan antara yang meninggal dengan keluarga yang ditinggal]})","[:TERDIRI_DARI {raw_relation: TERDIRI_DARI, sentence_id: 219, confidence: HIGH}]","(:Node:SARANA_RITUAL {name: kembang rampai, id: kembang_rampai})"
"(:Node:SARANA_RITUAL {TERDIRI_DARI: [beras kuning, daun temen], name: sekar ura, id: sekar_ura, MELAMBANGKAN: [harapan selalu diberikan kesejahteraan dan kemakmuran, perpisahan antara yang meninggal dengan keluarga yang ditinggal]})","[:TERDIRI_DARI {raw_relation: TERDIRI_DARI, sentence_id: 219, confidence: HIGH}]","(:Node:SARANA_RITUAL {DIIKAT_DENGAN: [benang tridatu merah, hitam dan putih, benang tridatu], aliases: [5 biji uang kepeng, 7 biji uang kepeng, 9 biji uang kepeng, pipis bolong, sejumlah uang kepeng, wang kepeng/bolong], name: uang kepeng, id: uang_kepeng})"
"(:Node:SARANA_RITUAL {TERDIRI_DARI: [beras kuning, daun temen], name: sekar ura, id: sekar_ura, MELAMBANGKAN: [harapan selalu diberikan kesejahteraan dan kemakmuran, perpisahan antara yang meninggal dengan keluarga yang ditinggal]})","[:DITABURKAN_DI {raw_relation: DITABURKAN_DI, sentence_id: 3150, confidence: MED}]","(:Node:BANGUNAN_RITUAL {name: setiap persimpangan jalan menuju setra, id: setiap_persimpangan_jalan_menuju_setra})"
"(:Node:SARANA_RITUAL {name: semua sarana, id: semua_sarana})","[:DIBAWA_KE {raw_relation: DIBAWA_KE, sentence_id: 1417, confidence: MED}]","(:Node:BANGUNAN_RITUAL {aliases: [sebuah setra], name: setra, id: setra})"
"(:Node:SARANA_RITUAL {name: sesajen, id: sesajen})","[:DIPERSEMBAHKAN_KEPADA {raw_relation: DIPERSEMBAHKAN_KEPADA, sentence_id: 1474, confidence: HIGH}]","(:Node:ISTILAH_UMUM_RITUAL {AKRAB_DENGAN: [penghadang], MENYERAHKAN: [beban, hak dan berbagai milik yang dulunya ada pada mendiang, tanggung jawab], MENGALAMI: [perubahan wujud], DITERIMA_SEBAGAI: [warga baru dalam pergaulan alam roh], BERUBAH_DARI_SUKSMA_SARIRA_MENJADI: [tanpa berbadan sama sekali atau atma tattwatma], MEMPEROLEH_DARI: [pendeta], DIBERI: [ampun], MEMPEROLEH: [ayaban upakara diuskamaligi yang bermakna penyucian, kemantapan, kesucian, ketenangan, situasi demikian di alam lain], name: mendiang, MEMEGANG: [jabatan], MEMILIKI: [ikatan erat dengan masyarakat, pertalian intim dengan soal duniawi material, cucu-cucu, keponakan], id: mendiang, DIANGGAP_SEBAGAI: [seseorang yang masih hidup]})"
"(:Node:SARANA_RITUAL {name: sesajen, id: sesajen})","[:DITUJUKAN_UNTUK {raw_relation: DITUJUKAN_UNTUK, sentence_id: 898, confidence: HIGH}]","(:Node:ENTITAS_KEAGAMAAN {name: ida bhatara kumara, id: ida_bhatara_kumara})"
"(:Node:SARANA_RITUAL {name: sesajen, id: sesajen})","[:MELIPUTI {raw_relation: MELIPUTI, sentence_id: 1474, confidence: MED}]","(:Node:TAHAPAN_UPACARA {name: diuskamaligi, id: diuskamaligi})"
"(:Node:SARANA_RITUAL {name: sesajen, id: sesajen})","[:MELIPUTI {raw_relation: MELIPUTI, sentence_id: 1474, confidence: MED}]","(:Node:SARANA_RITUAL {name: nasi angkeb, id: nasi_angkeb})"
"(:Node:SARANA_RITUAL {DISEDIAKAN_DI: [rumah yang bersangkutan], name: sesajen dan alat upakara, id: sesajen_dan_alat_upakara})",[:TERMASUK_JENIS],"(:Node:SARANA_RITUAL {name: sesajen, id: sesajen})"
"(:Node:SARANA_RITUAL {name: sesajen dan punjung, id: sesajen_dan_punjung})","[:DIPERSEMBAHKAN_KEPADA {raw_relation: DIPERSEMBAHKAN_KEPADA, sentence_id: 1134, confidence: MED}]","(:Node:ISTILAH_UMUM_RITUAL {AKRAB_DENGAN: [penghadang], MENYERAHKAN: [beban, hak dan berbagai milik yang dulunya ada pada mendiang, tanggung jawab], MENGALAMI: [perubahan wujud], DITERIMA_SEBAGAI: [warga baru dalam pergaulan alam roh], BERUBAH_DARI_SUKSMA_SARIRA_MENJADI: [tanpa berbadan sama sekali atau atma tattwatma], MEMPEROLEH_DARI: [pendeta], DIBERI: [ampun], MEMPEROLEH: [ayaban upakara diuskamaligi yang bermakna penyucian, kemantapan, kesucian, ketenangan, situasi demikian di alam lain], name: mendiang, MEMEGANG: [jabatan], MEMILIKI: [ikatan erat dengan masyarakat, pertalian intim dengan soal duniawi material, cucu-cucu, keponakan], id: mendiang, DIANGGAP_SEBAGAI: [seseorang yang masih hidup]})"
"(:Node:SARANA_RITUAL {name: sesajen dan punjung, id: sesajen_dan_punjung})",[:TERMASUK_JENIS],"(:Node:SARANA_RITUAL {name: sesajen, id: sesajen})"
"(:Node:SARANA_RITUAL {name: sesaji sederhana, id: sesaji_sederhana})",[:TERMASUK_JENIS],"(:Node:SARANA_RITUAL {name: sesaji, id: sesaji})"
"(:Node:SARANA_RITUAL {name: sesenden, id: sesenden})","[:ADALAH {raw_relation: ADALAH, sentence_id: 2947, confidence: HIGH}]","(:Node:SARANA_RITUAL {DILETAKKAN_DI: [hulu arena upacara], aliases: [dulang atau meja kecil, dulang tanah], name: dulang, id: dulang})"
"(:Node:ISTILAH_UMUM_RITUAL {name: setra tempat jasad mendiang, id: setra_tempat_jasad_mendiang})",[:TERMASUK_JENIS],"(:Node:BANGUNAN_RITUAL {aliases: [sebuah setra], name: setra, id: setra})"
"(:Node:BANGUNAN_RITUAL {name: setra tempat pembakaran, id: setra_tempat_pembakaran})",[:TERMASUK_JENIS],"(:Node:BANGUNAN_RITUAL {aliases: [sebuah setra], name: setra, id: setra})"
"(:Node:ENTITAS_KEAGAMAAN {name: shiwa, id: shiwa})","[:ADALAH {raw_relation: ADALAH, sentence_id: 2810, confidence: MED}]","(:Node:ENTITAS_KEAGAMAAN {name: dewa loka, id: dewa_loka})"
"(:Node:ENTITAS_KEAGAMAAN {name: shiwa (dewa) loka, id: shiwa_dewa_loka})",[:TERMASUK_JENIS],"(:Node:ENTITAS_KEAGAMAAN {name: shiwa, id: shiwa})"
"(:Node:SARANA_RITUAL {name: sisig, id: sisig, TERBUAT_DARI: [arang pembakaran jaja gina, arang pembakaran jaja uli]})","[:DILETAKKAN_DI {raw_relation: DILETAKKAN_DI, sentence_id: 3153, confidence: HIGH}]","(:Node:SARANA_RITUAL {aliases: [atas takir], name: takir, id: takir})"
"(:Node:SARANA_RITUAL {BERUPA: [buah-buahan, jajan, minum], name: soda, id: soda})","[:DILENGKAPI {raw_relation: DILENGKAPI, sentence_id: 338, confidence: MED}]","(:Node:SARANA_RITUAL {name: canang sari, id: canang_sari})"
"(:Node:SARANA_RITUAL {name: sorohan kecil, id: sorohan_kecil})",[:TERMASUK_JENIS],"(:Node:SARANA_RITUAL {name: sorohan, id: sorohan})"
"(:Node:KONSEP_FILOSOFIS:Isolated {name: suksma sarira, definition: materi walaupun sangat halus, id: suksma_sarira})",null,null
"(:Node:SARANA_RITUAL {name: suku tunggal abu, id: suku_tunggal_abu})",[:TERMASUK_JENIS],"(:Node:SARANA_RITUAL {aliases: [suku tunggal], name: puspa asti, DIPANGKU_OLEH: [salah seorang keluarga], definition: abu yang diambil dengan mempergunakan sumpit/sepit, id: puspa_asti})"
"(:Node:SARANA_RITUAL {name: suku tunggal abu, id: suku_tunggal_abu})","[:DIUSUNG {raw_relation: DIUSUNG, sentence_id: 2951, confidence: MED}]","(:Node:TAHAPAN_UPACARA {name: mapradaksina, id: mapradaksina})"
"(:Node:ENTITAS_KEAGAMAAN {aliases: [ida sang sulinggih], name: sulinggih, definition: Pendeta atau tokoh suci yang memiliki otoritas spiritual tertinggi., id: sulinggih, MEMBERIKAN: [panjaya-jaya]})","[:MEMBERIKAN {raw_relation: MEMBERIKAN, sentence_id: 2885, confidence: MED}]","(:Node:SARANA_RITUAL {name: ayaban sesayut, id: ayaban_sesayut})"
"(:Node:ENTITAS_KEAGAMAAN {name: sulinggih utawi pinandita, id: sulinggih_utawi_pinandita})",[:TERMASUK_JENIS],"(:Node:ENTITAS_KEAGAMAAN {aliases: [ida sang sulinggih], name: sulinggih, definition: Pendeta atau tokoh suci yang memiliki otoritas spiritual tertinggi., id: sulinggih, MEMBERIKAN: [panjaya-jaya]})"
"(:Node:SARANA_RITUAL:Isolated {BERFUNGSI_SEBAGAI: [penguat rekatan antar badan peti dengan tutupnya], name: sumpe, id: sumpe})",null,null
"(:Node:RITUAL_KEMATIAN {name: supta pranawa, definition: satu pangabenan yang berlandaskan hasrat, semoga mendiang mendapatkan situasi demikian di alam lain, id: supta_pranawa, MENGALAMI: [variasi alakadar]})","[:BAGIAN_DARI {raw_relation: BAGIAN_DARI, sentence_id: 2480, confidence: MED}]","(:Node:RITUAL_KEMATIAN {name: pangabenan jenis pranawa, id: pangabenan_jenis_pranawa})"
"(:Node:RITUAL_KEMATIAN {aliases: [recadana, tirta yadnya pranawa], MENGGUNAKAN: [kayu cendana dan aksara sakral sebagai simbol pengganti jasad], DIMASUKKAN_KE_DALAM: [periuk], name: swasta, definition: upacara yang dilakukan jika jenazah tidak ditemukan atau meninggal di perantauan, id: swasta})",[:TERMASUK_JENIS],"(:Node:TIRTHA_SUCI {DIMOHON_KEPADA: [pendeta yang muput pangabenan itu sendiri], aliases: [tirtha lainnya], BERPERAN_SEBAGAI: [sarana untuk menetapkan kedudukan arwah mendiang pada satu alam roh (pitra) tertentu], DIPAKAI_UNTUK: [ngalukat], BERFUNGSI_SEBAGAI: [sarana pengembalian roh (atma) kepada sang pencipta, sarana untuk meningkatkan kedudukan roh orang yang meninggal yang masih dalam tingkatan preta menjadi pitara], DIMOHONKAN_DI: [sanggah/pamerajan keluarga orang yang meninggal], DIPERCIKKAN_PADA: [kedua perlambang, seluruh badan hingga ke kaki jenazah], DITUJUKAN_UNTUK: [arwah mendiang dalam peristiwa beralihnya dari dunia manusia ke dunia roh], name: tirtha, DIBAWA_KE: [setra untuk dipergunakan pada waktu pembakaran], MEMILIKI: [tarif, harga, nilai spiritual yang sama, fungsi sarana untuk mengucapkan permohonan pamit terhadap leluhur , agar nanti nya dapat ikut masuk kealam kedewataan, fungsi sarana yang dapat mengantarkan agar roh orang yang meninggal mendapatkan tempat yang baik atau dalam kata lain roh tersebut tidak mengalami kesengsaraan], definition: sarana restu dari ida bhatara di kahyangan tersebut, id: tirtha})"
"(:Node:RITUAL_KEMATIAN {aliases: [recadana, tirta yadnya pranawa], MENGGUNAKAN: [kayu cendana dan aksara sakral sebagai simbol pengganti jasad], DIMASUKKAN_KE_DALAM: [periuk], name: swasta, definition: upacara yang dilakukan jika jenazah tidak ditemukan atau meninggal di perantauan, id: swasta})","[:SAMA_DENGAN {raw_relation: SAMA_DENGAN, sentence_id: 271, confidence: MED}]","(:Node:RITUAL_KEMATIAN {name: atiwa-tiwa asti vedana, id: atiwa_tiwa_asti_vedana})"
"(:Node:ISTILAH_UMUM_RITUAL:Isolated {name: tali ktekung, definition: tali bambu dipintal, id: tali_ktekung})",null,null
"(:Node:ISTILAH_UMUM_RITUAL:Isolated {DITARUH_DENGAN: [posisi telapak tangan ditumpuk ditumpangkan], name: tangan jenazah/layon, id: tangan_jenazah_layon})",null,null
"(:Node:TAHAPAN_UPACARA {DILAKUKAN_DENGAN: [pujastawa], name: tarpana, id: tarpana})","[:DILAKUKAN_OLEH {raw_relation: DILAKUKAN_OLEH, sentence_id: 1584, confidence: MED}]","(:Node:ENTITAS_KEAGAMAAN {name: ida sang sadaka, id: ida_sang_sadaka})"
"(:Node:TAHAPAN_UPACARA {name: tarpana dan muspa, definition: klimaks upacara sederhana, id: tarpana_dan_muspa})",[:TERMASUK_JENIS],"(:Node:TAHAPAN_UPACARA {DILAKUKAN_DENGAN: [pujastawa], name: tarpana, id: tarpana})"
"(:Node:SARANA_RITUAL {DILETAKKAN_DI: [bungkusan tulang belulang], name: tegteg, id: tegteg, DIPAKAI_UNTUK: [matur piuning serta memohon atma yang akan diaben]})","[:BERADA_DI {raw_relation: DIBAWA_KE, sentence_id: 258, confidence: HIGH}]","(:Node:BANGUNAN_RITUAL {name: pura dalem, id: pura_dalem})"
"(:Node:SARANA_RITUAL {DILETAKKAN_DI: [bungkusan tulang belulang], name: tegteg, id: tegteg, DIPAKAI_UNTUK: [matur piuning serta memohon atma yang akan diaben]})","[:DIPERLAKUKAN_SEPERTI {raw_relation: DIPERLAKUKAN_SEPERTI, sentence_id: 265, confidence: MED}]","(:Node:ISTILAH_UMUM_RITUAL {DILETAKKAN_DI: [para-para tempat pembakaran, para-para pembakaran], aliases: [sawa baru, sawa utuh, wujud sawa], DISERTAI: [kakawin], DIIKAT: [sebelas kali], DITANAM_ATAU_DIBAKAR: [dengan status dititip], MENGHADAPI: [upacara pabersihan dengan berbagai rangkaian nya], DIBERI: [pakaian lengkap], DIIKAT_DENGAN: [benang leleson], name: sawa, MENYEBARKAN: [bau yang kurang sedap], DIBAWA_KE: [balai-balai rumah adat], id: sawa, DIBAKAR_DENGAN: [khusuk]})"
"(:Node:SARANA_RITUAL {DILETAKKAN_DI: [bungkusan tulang belulang], name: tegteg, id: tegteg, DIPAKAI_UNTUK: [matur piuning serta memohon atma yang akan diaben]})","[:DILETAKKAN_DI {raw_relation: DITEMPATKAN_DI, sentence_id: 265, confidence: HIGH}]","(:Node:SARANA_RITUAL {name: tumpang salu, id: tumpang_salu})"
"(:Node:KONSEP_FILOSOFIS:Isolated {name: teja, id: teja, MELAMBANGKAN: [energi]})",null,null
"(:Node:ISTILAH_UMUM_RITUAL {name: tembaga, id: tembaga, BERWARNA: [merah]})","[:BERDEWA {raw_relation: BERDEWA, sentence_id: 3756, confidence: LOW}]","(:Node:ENTITAS_KEAGAMAAN {name: dewa brahma, id: dewa_brahma})"
"(:Node:ISTILAH_UMUM_RITUAL {name: tempat penusangan, id: tempat_penusangan})","[:BERUPA {raw_relation: BERUPA, sentence_id: 3340, confidence: MED}]","(:Node:SARANA_RITUAL {DILETAKKAN_DI: [halaman rumah], BERFUNGSI_SEBAGAI: [balai-balai alas ngringkes], aliases: [asagan, atas pepaga/asagan, dusa, pepaga atau asagan, pepaga/asagan], name: pepaga, id: pepaga, TERBUAT_DARI: [bambu, hitungan galir, hitungan galur, hitungan likah, hitungan wangke, hitungan wangkong]})"
"(:Node:ISTILAH_UMUM_RITUAL {name: tempat penusangan, id: tempat_penusangan})","[:DIPAKAI_UNTUK {raw_relation: DIPAKAI_UNTUK, sentence_id: 3340, confidence: MED}]","(:Node:TAHAPAN_UPACARA {name: nyiramang layon, id: nyiramang_layon})"
"(:Node:ISTILAH_UMUM_RITUAL {name: tempat persemayaman jenazah, id: tempat_persemayaman_jenazah})","[:DILETAKKAN_DI {raw_relation: DITEMPATKAN_DI, sentence_id: 3339, confidence: MED}]","(:Node:BANGUNAN_RITUAL {aliases: [ruang bale semanggen], name: bale semanggen, id: bale_semanggen})"
"(:Node:TIRTHA_SUCI {BERFUNGSI_SEBAGAI: [pelebur unsur karma wasana yang mengikat roh atau atman], DIBUAT_SAAT: [upacara pengaskaran bertepatan dengan puncak upacara pengabenan], aliases: [tirtha pangentas], name: tirta pangentas, BERFUNGSI_UNTUK: [memotong ikatan dan hubungan jasad dengan atma-jiwa dari mendiang], MEMILIKI: [fungsi utama sebagai sarana untuk ""ngentas"": memberikan jalan dan membersihkan noda-noda roh atau atma orang yang meninggal, agar dapat menuju ke alam kedewataan, nilai filosofis yang sangat tinggi sekali], definition: tirtha yang diharapkan dan diyakini sebagai alat atau sarana sangat penting bagi umat hindu, khususnya dalam hubungannya untuk dapat melepaskan roh para leluhur dari ikatan-ikatan keduniawian, sehingga para leluhur dapat bebas dan bisa meningkat menuju alam bhwah loka, id: tirta_pangentas, DIBUAT_DI: [gria ida sang sulinggih (kediaman pendeta) atau di rumah]})",[:TERMASUK_JENIS],"(:Node:TIRTHA_SUCI {DIMOHON_KEPADA: [pendeta yang muput pangabenan itu sendiri], aliases: [tirtha lainnya], BERPERAN_SEBAGAI: [sarana untuk menetapkan kedudukan arwah mendiang pada satu alam roh (pitra) tertentu], DIPAKAI_UNTUK: [ngalukat], BERFUNGSI_SEBAGAI: [sarana pengembalian roh (atma) kepada sang pencipta, sarana untuk meningkatkan kedudukan roh orang yang meninggal yang masih dalam tingkatan preta menjadi pitara], DIMOHONKAN_DI: [sanggah/pamerajan keluarga orang yang meninggal], DIPERCIKKAN_PADA: [kedua perlambang, seluruh badan hingga ke kaki jenazah], DITUJUKAN_UNTUK: [arwah mendiang dalam peristiwa beralihnya dari dunia manusia ke dunia roh], name: tirtha, DIBAWA_KE: [setra untuk dipergunakan pada waktu pembakaran], MEMILIKI: [tarif, harga, nilai spiritual yang sama, fungsi sarana untuk mengucapkan permohonan pamit terhadap leluhur , agar nanti nya dapat ikut masuk kealam kedewataan, fungsi sarana yang dapat mengantarkan agar roh orang yang meninggal mendapatkan tempat yang baik atau dalam kata lain roh tersebut tidak mengalami kesengsaraan], definition: sarana restu dari ida bhatara di kahyangan tersebut, id: tirtha})"
"(:Node:TIRTHA_SUCI {aliases: [tirtha panglukatan], name: tirta panglukatan, id: tirta_panglukatan})",[:TERMASUK_JENIS],"(:Node:TIRTHA_SUCI {DIMOHON_KEPADA: [pendeta yang muput pangabenan itu sendiri], aliases: [tirtha lainnya], BERPERAN_SEBAGAI: [sarana untuk menetapkan kedudukan arwah mendiang pada satu alam roh (pitra) tertentu], DIPAKAI_UNTUK: [ngalukat], BERFUNGSI_SEBAGAI: [sarana pengembalian roh (atma) kepada sang pencipta, sarana untuk meningkatkan kedudukan roh orang yang meninggal yang masih dalam tingkatan preta menjadi pitara], DIMOHONKAN_DI: [sanggah/pamerajan keluarga orang yang meninggal], DIPERCIKKAN_PADA: [kedua perlambang, seluruh badan hingga ke kaki jenazah], DITUJUKAN_UNTUK: [arwah mendiang dalam peristiwa beralihnya dari dunia manusia ke dunia roh], name: tirtha, DIBAWA_KE: [setra untuk dipergunakan pada waktu pembakaran], MEMILIKI: [tarif, harga, nilai spiritual yang sama, fungsi sarana untuk mengucapkan permohonan pamit terhadap leluhur , agar nanti nya dapat ikut masuk kealam kedewataan, fungsi sarana yang dapat mengantarkan agar roh orang yang meninggal mendapatkan tempat yang baik atau dalam kata lain roh tersebut tidak mengalami kesengsaraan], definition: sarana restu dari ida bhatara di kahyangan tersebut, id: tirtha})"
"(:Node:TIRTHA_SUCI {name: tirta pengeringkes, id: tirta_pengeringkes})","[:BERADA_DI {raw_relation: DIDAPAT_DI, sentence_id: 3221, confidence: MED}]","(:Node:BANGUNAN_RITUAL {name: gria, id: gria})"
"(:Node:TIRTHA_SUCI {name: tirta pengeringkes, id: tirta_pengeringkes})",[:TERMASUK_JENIS],"(:Node:TIRTHA_SUCI {DIMOHON_KEPADA: [pendeta yang muput pangabenan itu sendiri], aliases: [tirtha lainnya], BERPERAN_SEBAGAI: [sarana untuk menetapkan kedudukan arwah mendiang pada satu alam roh (pitra) tertentu], DIPAKAI_UNTUK: [ngalukat], BERFUNGSI_SEBAGAI: [sarana pengembalian roh (atma) kepada sang pencipta, sarana untuk meningkatkan kedudukan roh orang yang meninggal yang masih dalam tingkatan preta menjadi pitara], DIMOHONKAN_DI: [sanggah/pamerajan keluarga orang yang meninggal], DIPERCIKKAN_PADA: [kedua perlambang, seluruh badan hingga ke kaki jenazah], DITUJUKAN_UNTUK: [arwah mendiang dalam peristiwa beralihnya dari dunia manusia ke dunia roh], name: tirtha, DIBAWA_KE: [setra untuk dipergunakan pada waktu pembakaran], MEMILIKI: [tarif, harga, nilai spiritual yang sama, fungsi sarana untuk mengucapkan permohonan pamit terhadap leluhur , agar nanti nya dapat ikut masuk kealam kedewataan, fungsi sarana yang dapat mengantarkan agar roh orang yang meninggal mendapatkan tempat yang baik atau dalam kata lain roh tersebut tidak mengalami kesengsaraan], definition: sarana restu dari ida bhatara di kahyangan tersebut, id: tirtha})"
"(:Node:TIRTHA_SUCI {DIMOHON_KEPADA: [pendeta yang muput pangabenan itu sendiri], aliases: [tirtha lainnya], BERPERAN_SEBAGAI: [sarana untuk menetapkan kedudukan arwah mendiang pada satu alam roh (pitra) tertentu], DIPAKAI_UNTUK: [ngalukat], BERFUNGSI_SEBAGAI: [sarana pengembalian roh (atma) kepada sang pencipta, sarana untuk meningkatkan kedudukan roh orang yang meninggal yang masih dalam tingkatan preta menjadi pitara], DIMOHONKAN_DI: [sanggah/pamerajan keluarga orang yang meninggal], DIPERCIKKAN_PADA: [kedua perlambang, seluruh badan hingga ke kaki jenazah], DITUJUKAN_UNTUK: [arwah mendiang dalam peristiwa beralihnya dari dunia manusia ke dunia roh], name: tirtha, DIBAWA_KE: [setra untuk dipergunakan pada waktu pembakaran], MEMILIKI: [tarif, harga, nilai spiritual yang sama, fungsi sarana untuk mengucapkan permohonan pamit terhadap leluhur , agar nanti nya dapat ikut masuk kealam kedewataan, fungsi sarana yang dapat mengantarkan agar roh orang yang meninggal mendapatkan tempat yang baik atau dalam kata lain roh tersebut tidak mengalami kesengsaraan], definition: sarana restu dari ida bhatara di kahyangan tersebut, id: tirtha})","[:BERARTI {raw_relation: TERBUAT_DARI, sentence_id: 971, confidence: MED}]","(:Node:SARANA_RITUAL {name: klungah, id: klungah})"
"(:Node:TIRTHA_SUCI {DIMOHON_KEPADA: [pendeta yang muput pangabenan itu sendiri], aliases: [tirtha lainnya], BERPERAN_SEBAGAI: [sarana untuk menetapkan kedudukan arwah mendiang pada satu alam roh (pitra) tertentu], DIPAKAI_UNTUK: [ngalukat], BERFUNGSI_SEBAGAI: [sarana pengembalian roh (atma) kepada sang pencipta, sarana untuk meningkatkan kedudukan roh orang yang meninggal yang masih dalam tingkatan preta menjadi pitara], DIMOHONKAN_DI: [sanggah/pamerajan keluarga orang yang meninggal], DIPERCIKKAN_PADA: [kedua perlambang, seluruh badan hingga ke kaki jenazah], DITUJUKAN_UNTUK: [arwah mendiang dalam peristiwa beralihnya dari dunia manusia ke dunia roh], name: tirtha, DIBAWA_KE: [setra untuk dipergunakan pada waktu pembakaran], MEMILIKI: [tarif, harga, nilai spiritual yang sama, fungsi sarana untuk mengucapkan permohonan pamit terhadap leluhur , agar nanti nya dapat ikut masuk kealam kedewataan, fungsi sarana yang dapat mengantarkan agar roh orang yang meninggal mendapatkan tempat yang baik atau dalam kata lain roh tersebut tidak mengalami kesengsaraan], definition: sarana restu dari ida bhatara di kahyangan tersebut, id: tirtha})","[:DIMOHON_DARI {raw_relation: DIMOHON_DARI, sentence_id: 970, confidence: HIGH}]","(:Node:ENTITAS_KEAGAMAAN {aliases: [ida sang sulinggih], name: sulinggih, definition: Pendeta atau tokoh suci yang memiliki otoritas spiritual tertinggi., id: sulinggih, MEMBERIKAN: [panjaya-jaya]})"
"(:Node:TIRTHA_SUCI {DIMOHON_KEPADA: [pendeta yang muput pangabenan itu sendiri], aliases: [tirtha lainnya], BERPERAN_SEBAGAI: [sarana untuk menetapkan kedudukan arwah mendiang pada satu alam roh (pitra) tertentu], DIPAKAI_UNTUK: [ngalukat], BERFUNGSI_SEBAGAI: [sarana pengembalian roh (atma) kepada sang pencipta, sarana untuk meningkatkan kedudukan roh orang yang meninggal yang masih dalam tingkatan preta menjadi pitara], DIMOHONKAN_DI: [sanggah/pamerajan keluarga orang yang meninggal], DIPERCIKKAN_PADA: [kedua perlambang, seluruh badan hingga ke kaki jenazah], DITUJUKAN_UNTUK: [arwah mendiang dalam peristiwa beralihnya dari dunia manusia ke dunia roh], name: tirtha, DIBAWA_KE: [setra untuk dipergunakan pada waktu pembakaran], MEMILIKI: [tarif, harga, nilai spiritual yang sama, fungsi sarana untuk mengucapkan permohonan pamit terhadap leluhur , agar nanti nya dapat ikut masuk kealam kedewataan, fungsi sarana yang dapat mengantarkan agar roh orang yang meninggal mendapatkan tempat yang baik atau dalam kata lain roh tersebut tidak mengalami kesengsaraan], definition: sarana restu dari ida bhatara di kahyangan tersebut, id: tirtha})","[:DIPUJA {raw_relation: DIPUJA_DENGAN, sentence_id: 1335, confidence: MED}]","(:Node:KONSEP_FILOSOFIS {name: weda pengastawa, id: weda_pengastawa})"
"(:Node:TIRTHA_SUCI {DIMOHON_KEPADA: [pendeta yang muput pangabenan itu sendiri], aliases: [tirtha lainnya], BERPERAN_SEBAGAI: [sarana untuk menetapkan kedudukan arwah mendiang pada satu alam roh (pitra) tertentu], DIPAKAI_UNTUK: [ngalukat], BERFUNGSI_SEBAGAI: [sarana pengembalian roh (atma) kepada sang pencipta, sarana untuk meningkatkan kedudukan roh orang yang meninggal yang masih dalam tingkatan preta menjadi pitara], DIMOHONKAN_DI: [sanggah/pamerajan keluarga orang yang meninggal], DIPERCIKKAN_PADA: [kedua perlambang, seluruh badan hingga ke kaki jenazah], DITUJUKAN_UNTUK: [arwah mendiang dalam peristiwa beralihnya dari dunia manusia ke dunia roh], name: tirtha, DIBAWA_KE: [setra untuk dipergunakan pada waktu pembakaran], MEMILIKI: [tarif, harga, nilai spiritual yang sama, fungsi sarana untuk mengucapkan permohonan pamit terhadap leluhur , agar nanti nya dapat ikut masuk kealam kedewataan, fungsi sarana yang dapat mengantarkan agar roh orang yang meninggal mendapatkan tempat yang baik atau dalam kata lain roh tersebut tidak mengalami kesengsaraan], definition: sarana restu dari ida bhatara di kahyangan tersebut, id: tirtha})","[:DIPAKAI_UNTUK {raw_relation: DIPAKAI_UNTUK, sentence_id: 4062, confidence: HIGH}]","(:Node:SARANA_RITUAL {DIDUDUKKAN_DI: [tempat yang telah ditentukan], aliases: [adegan dan pengawak], DIBAWA_MENGHADAP: [pendeta], BERADA_DI: [balai adat], DIJADIKAN: [unsur arak-arakan indah oleh pemudi-pemudi keluarga bersangkutan], DIAMBIL_OLEH: [keluarga yang ngaben], BERALASKAN: [bakul kecil atau pangkon], DISISIPI: [awak-awakaning sawa yang terbuat dari sebilah papan cendana atau majagau tipis], TERBUAT_DARI: [daun rontal], DIBERI: [perjamuan lain, sajen], MELAKUKAN: [sembah bakti], name: adegan, id: adegan})"
"(:Node:TIRTHA_SUCI {DIMOHON_KEPADA: [pendeta yang muput pangabenan itu sendiri], aliases: [tirtha lainnya], BERPERAN_SEBAGAI: [sarana untuk menetapkan kedudukan arwah mendiang pada satu alam roh (pitra) tertentu], DIPAKAI_UNTUK: [ngalukat], BERFUNGSI_SEBAGAI: [sarana pengembalian roh (atma) kepada sang pencipta, sarana untuk meningkatkan kedudukan roh orang yang meninggal yang masih dalam tingkatan preta menjadi pitara], DIMOHONKAN_DI: [sanggah/pamerajan keluarga orang yang meninggal], DIPERCIKKAN_PADA: [kedua perlambang, seluruh badan hingga ke kaki jenazah], DITUJUKAN_UNTUK: [arwah mendiang dalam peristiwa beralihnya dari dunia manusia ke dunia roh], name: tirtha, DIBAWA_KE: [setra untuk dipergunakan pada waktu pembakaran], MEMILIKI: [tarif, harga, nilai spiritual yang sama, fungsi sarana untuk mengucapkan permohonan pamit terhadap leluhur , agar nanti nya dapat ikut masuk kealam kedewataan, fungsi sarana yang dapat mengantarkan agar roh orang yang meninggal mendapatkan tempat yang baik atau dalam kata lain roh tersebut tidak mengalami kesengsaraan], definition: sarana restu dari ida bhatara di kahyangan tersebut, id: tirtha})","[:DIPAKAI_UNTUK {raw_relation: DIPAKAI_UNTUK, sentence_id: 4062, confidence: HIGH}]","(:Node:SARANA_RITUAL {DISUCIKAN_DENGAN: [sajen], aliases: [upakara], DILENGKAPI: [keris, satu dua perhiasan pusaka], name: banten, definition: Sesajen atau persembahan suci sebagai sarana ritual., id: banten})"
"(:Node:TIRTHA_SUCI {DIMOHON_KEPADA: [pendeta yang muput pangabenan itu sendiri], aliases: [tirtha lainnya], BERPERAN_SEBAGAI: [sarana untuk menetapkan kedudukan arwah mendiang pada satu alam roh (pitra) tertentu], DIPAKAI_UNTUK: [ngalukat], BERFUNGSI_SEBAGAI: [sarana pengembalian roh (atma) kepada sang pencipta, sarana untuk meningkatkan kedudukan roh orang yang meninggal yang masih dalam tingkatan preta menjadi pitara], DIMOHONKAN_DI: [sanggah/pamerajan keluarga orang yang meninggal], DIPERCIKKAN_PADA: [kedua perlambang, seluruh badan hingga ke kaki jenazah], DITUJUKAN_UNTUK: [arwah mendiang dalam peristiwa beralihnya dari dunia manusia ke dunia roh], name: tirtha, DIBAWA_KE: [setra untuk dipergunakan pada waktu pembakaran], MEMILIKI: [tarif, harga, nilai spiritual yang sama, fungsi sarana untuk mengucapkan permohonan pamit terhadap leluhur , agar nanti nya dapat ikut masuk kealam kedewataan, fungsi sarana yang dapat mengantarkan agar roh orang yang meninggal mendapatkan tempat yang baik atau dalam kata lain roh tersebut tidak mengalami kesengsaraan], definition: sarana restu dari ida bhatara di kahyangan tersebut, id: tirtha})","[:BERASAL_DARI {raw_relation: BERASAL_DARI, sentence_id: 3547, confidence: MED}]","(:Node:KONSEP_FILOSOFIS {name: bhetara hyang guru, id: bhetara_hyang_guru})"
"(:Node:TIRTHA_SUCI {DIMOHON_KEPADA: [pendeta yang muput pangabenan itu sendiri], aliases: [tirtha lainnya], BERPERAN_SEBAGAI: [sarana untuk menetapkan kedudukan arwah mendiang pada satu alam roh (pitra) tertentu], DIPAKAI_UNTUK: [ngalukat], BERFUNGSI_SEBAGAI: [sarana pengembalian roh (atma) kepada sang pencipta, sarana untuk meningkatkan kedudukan roh orang yang meninggal yang masih dalam tingkatan preta menjadi pitara], DIMOHONKAN_DI: [sanggah/pamerajan keluarga orang yang meninggal], DIPERCIKKAN_PADA: [kedua perlambang, seluruh badan hingga ke kaki jenazah], DITUJUKAN_UNTUK: [arwah mendiang dalam peristiwa beralihnya dari dunia manusia ke dunia roh], name: tirtha, DIBAWA_KE: [setra untuk dipergunakan pada waktu pembakaran], MEMILIKI: [tarif, harga, nilai spiritual yang sama, fungsi sarana untuk mengucapkan permohonan pamit terhadap leluhur , agar nanti nya dapat ikut masuk kealam kedewataan, fungsi sarana yang dapat mengantarkan agar roh orang yang meninggal mendapatkan tempat yang baik atau dalam kata lain roh tersebut tidak mengalami kesengsaraan], definition: sarana restu dari ida bhatara di kahyangan tersebut, id: tirtha})","[:DIMOHONKAN_OLEH {raw_relation: DIMOHONKAN_OLEH, sentence_id: 4110, confidence: MED}]","(:Node:ENTITAS_KEAGAMAAN {name: pemangku, id: pemangku})"
"(:Node:TIRTHA_SUCI {DIMOHON_KEPADA: [pendeta yang muput pangabenan itu sendiri], aliases: [tirtha lainnya], BERPERAN_SEBAGAI: [sarana untuk menetapkan kedudukan arwah mendiang pada satu alam roh (pitra) tertentu], DIPAKAI_UNTUK: [ngalukat], BERFUNGSI_SEBAGAI: [sarana pengembalian roh (atma) kepada sang pencipta, sarana untuk meningkatkan kedudukan roh orang yang meninggal yang masih dalam tingkatan preta menjadi pitara], DIMOHONKAN_DI: [sanggah/pamerajan keluarga orang yang meninggal], DIPERCIKKAN_PADA: [kedua perlambang, seluruh badan hingga ke kaki jenazah], DITUJUKAN_UNTUK: [arwah mendiang dalam peristiwa beralihnya dari dunia manusia ke dunia roh], name: tirtha, DIBAWA_KE: [setra untuk dipergunakan pada waktu pembakaran], MEMILIKI: [tarif, harga, nilai spiritual yang sama, fungsi sarana untuk mengucapkan permohonan pamit terhadap leluhur , agar nanti nya dapat ikut masuk kealam kedewataan, fungsi sarana yang dapat mengantarkan agar roh orang yang meninggal mendapatkan tempat yang baik atau dalam kata lain roh tersebut tidak mengalami kesengsaraan], definition: sarana restu dari ida bhatara di kahyangan tersebut, id: tirtha})","[:DIMOHONKAN_OLEH {raw_relation: DIMOHONKAN_OLEH, sentence_id: 4105, confidence: MED}]","(:Node:ENTITAS_KEAGAMAAN {name: pemangku kawitan setempat, id: pemangku_kawitan_setempat})"
"(:Node:KONSEP_FILOSOFIS {name: tirtha amertha, id: tirtha_amertha})",[:TERMASUK_JENIS],"(:Node:TIRTHA_SUCI {DIMOHON_KEPADA: [pendeta yang muput pangabenan itu sendiri], aliases: [tirtha lainnya], BERPERAN_SEBAGAI: [sarana untuk menetapkan kedudukan arwah mendiang pada satu alam roh (pitra) tertentu], DIPAKAI_UNTUK: [ngalukat], BERFUNGSI_SEBAGAI: [sarana pengembalian roh (atma) kepada sang pencipta, sarana untuk meningkatkan kedudukan roh orang yang meninggal yang masih dalam tingkatan preta menjadi pitara], DIMOHONKAN_DI: [sanggah/pamerajan keluarga orang yang meninggal], DIPERCIKKAN_PADA: [kedua perlambang, seluruh badan hingga ke kaki jenazah], DITUJUKAN_UNTUK: [arwah mendiang dalam peristiwa beralihnya dari dunia manusia ke dunia roh], name: tirtha, DIBAWA_KE: [setra untuk dipergunakan pada waktu pembakaran], MEMILIKI: [tarif, harga, nilai spiritual yang sama, fungsi sarana untuk mengucapkan permohonan pamit terhadap leluhur , agar nanti nya dapat ikut masuk kealam kedewataan, fungsi sarana yang dapat mengantarkan agar roh orang yang meninggal mendapatkan tempat yang baik atau dalam kata lain roh tersebut tidak mengalami kesengsaraan], definition: sarana restu dari ida bhatara di kahyangan tersebut, id: tirtha})"
"(:Node:TIRTHA_SUCI {DIPERCIKKAN_PADA: [saat menjelang penguburan atau pembakaran sawa], name: tirtha dari pamrajan/kahyangan tiga/prajapati, id: tirtha_dari_pamrajan_kahyangan_tiga_prajapati})",[:TERMASUK_JENIS],"(:Node:TIRTHA_SUCI {DIMOHON_KEPADA: [pendeta yang muput pangabenan itu sendiri], aliases: [tirtha lainnya], BERPERAN_SEBAGAI: [sarana untuk menetapkan kedudukan arwah mendiang pada satu alam roh (pitra) tertentu], DIPAKAI_UNTUK: [ngalukat], BERFUNGSI_SEBAGAI: [sarana pengembalian roh (atma) kepada sang pencipta, sarana untuk meningkatkan kedudukan roh orang yang meninggal yang masih dalam tingkatan preta menjadi pitara], DIMOHONKAN_DI: [sanggah/pamerajan keluarga orang yang meninggal], DIPERCIKKAN_PADA: [kedua perlambang, seluruh badan hingga ke kaki jenazah], DITUJUKAN_UNTUK: [arwah mendiang dalam peristiwa beralihnya dari dunia manusia ke dunia roh], name: tirtha, DIBAWA_KE: [setra untuk dipergunakan pada waktu pembakaran], MEMILIKI: [tarif, harga, nilai spiritual yang sama, fungsi sarana untuk mengucapkan permohonan pamit terhadap leluhur , agar nanti nya dapat ikut masuk kealam kedewataan, fungsi sarana yang dapat mengantarkan agar roh orang yang meninggal mendapatkan tempat yang baik atau dalam kata lain roh tersebut tidak mengalami kesengsaraan], definition: sarana restu dari ida bhatara di kahyangan tersebut, id: tirtha})"
"(:Node:TIRTHA_SUCI {DIPERCIKKAN_PADA: [saat menjelang penguburan atau pembakaran sawa], name: tirtha dari pamrajan/kahyangan tiga/prajapati, id: tirtha_dari_pamrajan_kahyangan_tiga_prajapati})","[:DIPERCIKKAN_SEBELUM {raw_relation: DIPERCIKKAN_SEBELUM, sentence_id: 978, confidence: MED}]","(:Node:TIRTHA_SUCI {BERFUNGSI_SEBAGAI: [pelebur unsur karma wasana yang mengikat roh atau atman], DIBUAT_SAAT: [upacara pengaskaran bertepatan dengan puncak upacara pengabenan], aliases: [tirtha pangentas], name: tirta pangentas, BERFUNGSI_UNTUK: [memotong ikatan dan hubungan jasad dengan atma-jiwa dari mendiang], MEMILIKI: [fungsi utama sebagai sarana untuk ""ngentas"": memberikan jalan dan membersihkan noda-noda roh atau atma orang yang meninggal, agar dapat menuju ke alam kedewataan, nilai filosofis yang sangat tinggi sekali], definition: tirtha yang diharapkan dan diyakini sebagai alat atau sarana sangat penting bagi umat hindu, khususnya dalam hubungannya untuk dapat melepaskan roh para leluhur dari ikatan-ikatan keduniawian, sehingga para leluhur dapat bebas dan bisa meningkat menuju alam bhwah loka, id: tirta_pangentas, DIBUAT_DI: [gria ida sang sulinggih (kediaman pendeta) atau di rumah]})"
"(:Node:TIRTHA_SUCI {BERFUNGSI_SEBAGAI: [simbol pikiran dan perasaan sang yajamana orang yang punya upacara], name: tirtha ening, id: tirtha_ening})",[:TERMASUK_JENIS],"(:Node:TIRTHA_SUCI {DIMOHON_KEPADA: [pendeta yang muput pangabenan itu sendiri], aliases: [tirtha lainnya], BERPERAN_SEBAGAI: [sarana untuk menetapkan kedudukan arwah mendiang pada satu alam roh (pitra) tertentu], DIPAKAI_UNTUK: [ngalukat], BERFUNGSI_SEBAGAI: [sarana pengembalian roh (atma) kepada sang pencipta, sarana untuk meningkatkan kedudukan roh orang yang meninggal yang masih dalam tingkatan preta menjadi pitara], DIMOHONKAN_DI: [sanggah/pamerajan keluarga orang yang meninggal], DIPERCIKKAN_PADA: [kedua perlambang, seluruh badan hingga ke kaki jenazah], DITUJUKAN_UNTUK: [arwah mendiang dalam peristiwa beralihnya dari dunia manusia ke dunia roh], name: tirtha, DIBAWA_KE: [setra untuk dipergunakan pada waktu pembakaran], MEMILIKI: [tarif, harga, nilai spiritual yang sama, fungsi sarana untuk mengucapkan permohonan pamit terhadap leluhur , agar nanti nya dapat ikut masuk kealam kedewataan, fungsi sarana yang dapat mengantarkan agar roh orang yang meninggal mendapatkan tempat yang baik atau dalam kata lain roh tersebut tidak mengalami kesengsaraan], definition: sarana restu dari ida bhatara di kahyangan tersebut, id: tirtha})"
"(:Node:TIRTHA_SUCI {name: tirtha kahyangan tiga, id: tirtha_kahyangan_tiga})","[:BERADA_DI {raw_relation: DIMOHON_DARI, sentence_id: 4109, confidence: MED}]","(:Node:BANGUNAN_RITUAL {name: pura desa, id: pura_desa})"
"(:Node:TIRTHA_SUCI {name: tirtha kahyangan tiga, id: tirtha_kahyangan_tiga})","[:BERADA_DI {raw_relation: DIMOHON_DARI, sentence_id: 4109, confidence: MED}]","(:Node:BANGUNAN_RITUAL {name: pura mrajapti, id: pura_mrajapti})"
"(:Node:TIRTHA_SUCI {name: tirtha kahyangan tiga, id: tirtha_kahyangan_tiga})","[:BERADA_DI {raw_relation: DIMOHON_DARI, sentence_id: 4109, confidence: MED}]","(:Node:BANGUNAN_RITUAL {name: pura puseh, id: pura_puseh})"
"(:Node:TIRTHA_SUCI {name: tirtha kahyangan tiga, id: tirtha_kahyangan_tiga})",[:TERMASUK_JENIS],"(:Node:TIRTHA_SUCI {DIMOHON_KEPADA: [pendeta yang muput pangabenan itu sendiri], aliases: [tirtha lainnya], BERPERAN_SEBAGAI: [sarana untuk menetapkan kedudukan arwah mendiang pada satu alam roh (pitra) tertentu], DIPAKAI_UNTUK: [ngalukat], BERFUNGSI_SEBAGAI: [sarana pengembalian roh (atma) kepada sang pencipta, sarana untuk meningkatkan kedudukan roh orang yang meninggal yang masih dalam tingkatan preta menjadi pitara], DIMOHONKAN_DI: [sanggah/pamerajan keluarga orang yang meninggal], DIPERCIKKAN_PADA: [kedua perlambang, seluruh badan hingga ke kaki jenazah], DITUJUKAN_UNTUK: [arwah mendiang dalam peristiwa beralihnya dari dunia manusia ke dunia roh], name: tirtha, DIBAWA_KE: [setra untuk dipergunakan pada waktu pembakaran], MEMILIKI: [tarif, harga, nilai spiritual yang sama, fungsi sarana untuk mengucapkan permohonan pamit terhadap leluhur , agar nanti nya dapat ikut masuk kealam kedewataan, fungsi sarana yang dapat mengantarkan agar roh orang yang meninggal mendapatkan tempat yang baik atau dalam kata lain roh tersebut tidak mengalami kesengsaraan], definition: sarana restu dari ida bhatara di kahyangan tersebut, id: tirtha})"
"(:Node:TIRTHA_SUCI {name: tirtha kahyangan tiga, id: tirtha_kahyangan_tiga})","[:DIMOHON_DARI {raw_relation: DIMOHON_DARI, sentence_id: 4109, confidence: HIGH}]","(:Node:BANGUNAN_RITUAL {name: pura dalem, id: pura_dalem})"
"(:Node:TIRTHA_SUCI {name: tirtha kawitan, id: tirtha_kawitan})","[:BERADA_DI {raw_relation: DIMOHON_DARI, sentence_id: 4103, confidence: MED}]","(:Node:KONSEP_FILOSOFIS {name: merajan kawitan, id: merajan_kawitan})"
"(:Node:TIRTHA_SUCI {name: tirtha kawitan, id: tirtha_kawitan})","[:BERADA_DI {raw_relation: DIMOHON_DARI, sentence_id: 4103, confidence: MED}]","(:Node:BANGUNAN_RITUAL {name: merajan pusat, id: merajan_pusat})"
"(:Node:TIRTHA_SUCI {name: tirtha kawitan, id: tirtha_kawitan})",[:TERMASUK_JENIS],"(:Node:TIRTHA_SUCI {DIMOHON_KEPADA: [pendeta yang muput pangabenan itu sendiri], aliases: [tirtha lainnya], BERPERAN_SEBAGAI: [sarana untuk menetapkan kedudukan arwah mendiang pada satu alam roh (pitra) tertentu], DIPAKAI_UNTUK: [ngalukat], BERFUNGSI_SEBAGAI: [sarana pengembalian roh (atma) kepada sang pencipta, sarana untuk meningkatkan kedudukan roh orang yang meninggal yang masih dalam tingkatan preta menjadi pitara], DIMOHONKAN_DI: [sanggah/pamerajan keluarga orang yang meninggal], DIPERCIKKAN_PADA: [kedua perlambang, seluruh badan hingga ke kaki jenazah], DITUJUKAN_UNTUK: [arwah mendiang dalam peristiwa beralihnya dari dunia manusia ke dunia roh], name: tirtha, DIBAWA_KE: [setra untuk dipergunakan pada waktu pembakaran], MEMILIKI: [tarif, harga, nilai spiritual yang sama, fungsi sarana untuk mengucapkan permohonan pamit terhadap leluhur , agar nanti nya dapat ikut masuk kealam kedewataan, fungsi sarana yang dapat mengantarkan agar roh orang yang meninggal mendapatkan tempat yang baik atau dalam kata lain roh tersebut tidak mengalami kesengsaraan], definition: sarana restu dari ida bhatara di kahyangan tersebut, id: tirtha})"
"(:Node:TIRTHA_SUCI {name: tirtha pabersihan, id: tirtha_pabersihan})",[:TERMASUK_JENIS],"(:Node:TIRTHA_SUCI {DIMOHON_KEPADA: [pendeta yang muput pangabenan itu sendiri], aliases: [tirtha lainnya], BERPERAN_SEBAGAI: [sarana untuk menetapkan kedudukan arwah mendiang pada satu alam roh (pitra) tertentu], DIPAKAI_UNTUK: [ngalukat], BERFUNGSI_SEBAGAI: [sarana pengembalian roh (atma) kepada sang pencipta, sarana untuk meningkatkan kedudukan roh orang yang meninggal yang masih dalam tingkatan preta menjadi pitara], DIMOHONKAN_DI: [sanggah/pamerajan keluarga orang yang meninggal], DIPERCIKKAN_PADA: [kedua perlambang, seluruh badan hingga ke kaki jenazah], DITUJUKAN_UNTUK: [arwah mendiang dalam peristiwa beralihnya dari dunia manusia ke dunia roh], name: tirtha, DIBAWA_KE: [setra untuk dipergunakan pada waktu pembakaran], MEMILIKI: [tarif, harga, nilai spiritual yang sama, fungsi sarana untuk mengucapkan permohonan pamit terhadap leluhur , agar nanti nya dapat ikut masuk kealam kedewataan, fungsi sarana yang dapat mengantarkan agar roh orang yang meninggal mendapatkan tempat yang baik atau dalam kata lain roh tersebut tidak mengalami kesengsaraan], definition: sarana restu dari ida bhatara di kahyangan tersebut, id: tirtha})"
"(:Node:TIRTHA_SUCI {name: tirtha pabersihan, id: tirtha_pabersihan})","[:DIBUAT_OLEH {raw_relation: DIBUAT_OLEH, sentence_id: 4065, confidence: MED}]","(:Node:ENTITAS_KEAGAMAAN {aliases: [ida sang sulinggih], name: sulinggih, definition: Pendeta atau tokoh suci yang memiliki otoritas spiritual tertinggi., id: sulinggih, MEMBERIKAN: [panjaya-jaya]})"
"(:Node:TIRTHA_SUCI {name: tirtha pabersihan, id: tirtha_pabersihan})","[:TIDAK_MEMAKAI {raw_relation: TIDAK_MEMAKAI, sentence_id: 4065, confidence: MED}]","(:Node:TIRTHA_SUCI {name: samsam tidak seperti tirtha panglukatan, id: samsam_tidak_seperti_tirtha_panglukatan})"
"(:Node:TIRTHA_SUCI {name: tirtha pabersihan periuknya, id: tirtha_pabersihan_periuknya})",[:TERMASUK_JENIS],"(:Node:TIRTHA_SUCI {name: tirtha pabersihan, id: tirtha_pabersihan})"
"(:Node:TIRTHA_SUCI {name: tirtha pabersihan periuknya, id: tirtha_pabersihan_periuknya})","[:TANPA {raw_relation: TANPA, sentence_id: 4065, confidence: LOW}]","(:Node:SARANA_RITUAL {name: kalung benang dengan uang kepeng, id: kalung_benang_dengan_uang_kepeng})"
"(:Node:TIRTHA_SUCI {DIPERCIKKAN_PADA: [perlambang hanya sekali saja, sesosok mayat hanya sekali saja], name: tirtha pangentas atiwa-tiwa, id: tirtha_pangentas_atiwa_tiwa})",[:TERMASUK_JENIS],"(:Node:TIRTHA_SUCI {BERFUNGSI_SEBAGAI: [pelebur unsur karma wasana yang mengikat roh atau atman], DIBUAT_SAAT: [upacara pengaskaran bertepatan dengan puncak upacara pengabenan], aliases: [tirtha pangentas], name: tirta pangentas, BERFUNGSI_UNTUK: [memotong ikatan dan hubungan jasad dengan atma-jiwa dari mendiang], MEMILIKI: [fungsi utama sebagai sarana untuk ""ngentas"": memberikan jalan dan membersihkan noda-noda roh atau atma orang yang meninggal, agar dapat menuju ke alam kedewataan, nilai filosofis yang sangat tinggi sekali], definition: tirtha yang diharapkan dan diyakini sebagai alat atau sarana sangat penting bagi umat hindu, khususnya dalam hubungannya untuk dapat melepaskan roh para leluhur dari ikatan-ikatan keduniawian, sehingga para leluhur dapat bebas dan bisa meningkat menuju alam bhwah loka, id: tirta_pangentas, DIBUAT_DI: [gria ida sang sulinggih (kediaman pendeta) atau di rumah]})"
"(:Node:TIRTHA_SUCI {name: tirtha pangentas dan isinya, id: tirtha_pangentas_dan_isinya})",[:TERMASUK_JENIS],"(:Node:TIRTHA_SUCI {BERFUNGSI_SEBAGAI: [pelebur unsur karma wasana yang mengikat roh atau atman], DIBUAT_SAAT: [upacara pengaskaran bertepatan dengan puncak upacara pengabenan], aliases: [tirtha pangentas], name: tirta pangentas, BERFUNGSI_UNTUK: [memotong ikatan dan hubungan jasad dengan atma-jiwa dari mendiang], MEMILIKI: [fungsi utama sebagai sarana untuk ""ngentas"": memberikan jalan dan membersihkan noda-noda roh atau atma orang yang meninggal, agar dapat menuju ke alam kedewataan, nilai filosofis yang sangat tinggi sekali], definition: tirtha yang diharapkan dan diyakini sebagai alat atau sarana sangat penting bagi umat hindu, khususnya dalam hubungannya untuk dapat melepaskan roh para leluhur dari ikatan-ikatan keduniawian, sehingga para leluhur dapat bebas dan bisa meningkat menuju alam bhwah loka, id: tirta_pangentas, DIBUAT_DI: [gria ida sang sulinggih (kediaman pendeta) atau di rumah]})"
"(:Node:TIRTHA_SUCI {name: tirtha pangentas dan isinya, id: tirtha_pangentas_dan_isinya})","[:DIPERSATUKAN_DENGAN {raw_relation: DIPERSATUKAN_DENGAN, sentence_id: 1477, confidence: LOW}]","(:Node:SARANA_RITUAL {name: isi pengawak, id: isi_pengawak})"
"(:Node:TIRTHA_SUCI {name: tirtha pemanah, definition: tirtha yang dibuat pada hari pabersihan atau juga disebut hari pengaskaran yang biasanya bersamaan dengan upacara pamrasan, id: tirtha_pemanah, BERBEDA_DENGAN: [tirtha-tirtha yang telah disebut diatas], DIPAKAI_UNTUK: [upacara pengabenan sawa wedana yang menggunakan tumpang salu]})",[:TERMASUK_JENIS],"(:Node:TIRTHA_SUCI {DIMOHON_KEPADA: [pendeta yang muput pangabenan itu sendiri], aliases: [tirtha lainnya], BERPERAN_SEBAGAI: [sarana untuk menetapkan kedudukan arwah mendiang pada satu alam roh (pitra) tertentu], DIPAKAI_UNTUK: [ngalukat], BERFUNGSI_SEBAGAI: [sarana pengembalian roh (atma) kepada sang pencipta, sarana untuk meningkatkan kedudukan roh orang yang meninggal yang masih dalam tingkatan preta menjadi pitara], DIMOHONKAN_DI: [sanggah/pamerajan keluarga orang yang meninggal], DIPERCIKKAN_PADA: [kedua perlambang, seluruh badan hingga ke kaki jenazah], DITUJUKAN_UNTUK: [arwah mendiang dalam peristiwa beralihnya dari dunia manusia ke dunia roh], name: tirtha, DIBAWA_KE: [setra untuk dipergunakan pada waktu pembakaran], MEMILIKI: [tarif, harga, nilai spiritual yang sama, fungsi sarana untuk mengucapkan permohonan pamit terhadap leluhur , agar nanti nya dapat ikut masuk kealam kedewataan, fungsi sarana yang dapat mengantarkan agar roh orang yang meninggal mendapatkan tempat yang baik atau dalam kata lain roh tersebut tidak mengalami kesengsaraan], definition: sarana restu dari ida bhatara di kahyangan tersebut, id: tirtha})"
"(:Node:TIRTHA_SUCI {name: tirtha pemanah, definition: tirtha yang dibuat pada hari pabersihan atau juga disebut hari pengaskaran yang biasanya bersamaan dengan upacara pamrasan, id: tirtha_pemanah, BERBEDA_DENGAN: [tirtha-tirtha yang telah disebut diatas], DIPAKAI_UNTUK: [upacara pengabenan sawa wedana yang menggunakan tumpang salu]})","[:DIBUAT_SAAT {raw_relation: DIBUAT_SAAT, sentence_id: 4079, confidence: LOW}]","(:Node:TAHAPAN_UPACARA {name: upacara pengaskaran, id: upacara_pengaskaran})"
"(:Node:TIRTHA_SUCI {name: tirtha penembak, MEMILIKI: [hubungan erat dengan itihasa Bisma Parwa, bagian dari Mahabharata], definition: tirtha yang wajib dipersembahkan oleh "" sang yajamana "" atau orang yang memiliki upacara tersebut, id: tirtha_penembak})",[:TERMASUK_JENIS],"(:Node:TIRTHA_SUCI {DIMOHON_KEPADA: [pendeta yang muput pangabenan itu sendiri], aliases: [tirtha lainnya], BERPERAN_SEBAGAI: [sarana untuk menetapkan kedudukan arwah mendiang pada satu alam roh (pitra) tertentu], DIPAKAI_UNTUK: [ngalukat], BERFUNGSI_SEBAGAI: [sarana pengembalian roh (atma) kepada sang pencipta, sarana untuk meningkatkan kedudukan roh orang yang meninggal yang masih dalam tingkatan preta menjadi pitara], DIMOHONKAN_DI: [sanggah/pamerajan keluarga orang yang meninggal], DIPERCIKKAN_PADA: [kedua perlambang, seluruh badan hingga ke kaki jenazah], DITUJUKAN_UNTUK: [arwah mendiang dalam peristiwa beralihnya dari dunia manusia ke dunia roh], name: tirtha, DIBAWA_KE: [setra untuk dipergunakan pada waktu pembakaran], MEMILIKI: [tarif, harga, nilai spiritual yang sama, fungsi sarana untuk mengucapkan permohonan pamit terhadap leluhur , agar nanti nya dapat ikut masuk kealam kedewataan, fungsi sarana yang dapat mengantarkan agar roh orang yang meninggal mendapatkan tempat yang baik atau dalam kata lain roh tersebut tidak mengalami kesengsaraan], definition: sarana restu dari ida bhatara di kahyangan tersebut, id: tirtha})"
"(:Node:ISTILAH_UMUM_RITUAL {name: tulang belulang, id: tulang_belulang})","[:DIAMBIL_DARI {raw_relation: DIAMBIL_DARI, sentence_id: 254, confidence: MED}]","(:Node:BANGUNAN_RITUAL {name: kuburan, DIBONGKAR: [untuk mengambil tulang belulang], id: kuburan})"
"(:Node:SARANA_RITUAL {DIIKAT_DENGAN: [benang tridatu merah, hitam dan putih, benang tridatu], aliases: [5 biji uang kepeng, 7 biji uang kepeng, 9 biji uang kepeng, pipis bolong, sejumlah uang kepeng, wang kepeng/bolong], name: uang kepeng, id: uang_kepeng})","[:ADALAH {raw_relation: ADALAH, sentence_id: 3141, confidence: HIGH}]","(:Node:SARANA_RITUAL {DIIKAT_DENGAN: [benang tridatu merah, hitam dan putih, benang tridatu], aliases: [5 biji uang kepeng, 7 biji uang kepeng, 9 biji uang kepeng, pipis bolong, sejumlah uang kepeng, wang kepeng/bolong], name: uang kepeng, id: uang_kepeng})"
"(:Node:SARANA_RITUAL {DIIKAT_DENGAN: [benang tridatu merah, hitam dan putih, benang tridatu], aliases: [5 biji uang kepeng, 7 biji uang kepeng, 9 biji uang kepeng, pipis bolong, sejumlah uang kepeng, wang kepeng/bolong], name: uang kepeng, id: uang_kepeng})","[:DIBUNGKUS_DENGAN {raw_relation: DIBUNGKUS_DENGAN, sentence_id: 1776, confidence: HIGH}]","(:Node:SARANA_RITUAL {name: daun dapdap, id: daun_dapdap})"
"(:Node:SARANA_RITUAL {name: uang kepeng asli, id: uang_kepeng_asli, MENGANDUNG: [lima unsur logam]})",[:TERMASUK_JENIS],"(:Node:SARANA_RITUAL {DIIKAT_DENGAN: [benang tridatu merah, hitam dan putih, benang tridatu], aliases: [5 biji uang kepeng, 7 biji uang kepeng, 9 biji uang kepeng, pipis bolong, sejumlah uang kepeng, wang kepeng/bolong], name: uang kepeng, id: uang_kepeng})"
"(:Node:SARANA_RITUAL {name: udeng untuk laki-laki, id: udeng_untuk_laki_laki, BERWARNA: [putih]})",[:TERMASUK_JENIS],"(:Node:SARANA_RITUAL {name: udeng, id: udeng})"
"(:Node:ISTILAH_UMUM_RITUAL:Isolated {DIMASUKKAN_KE_DALAM: [periuk], name: ulantaga, id: ulantaga})",null,null
"(:Node:ISTILAH_UMUM_RITUAL {name: umpal, id: umpal, BERWARNA: [putih]})","[:ADALAH {raw_relation: ADALAH, sentence_id: 3623, confidence: LOW}]","(:Node:SARANA_RITUAL {name: tali saput, id: tali_saput})"
"(:Node:STRUKTUR_SOSIAL_ADAT:Isolated {TERLIBAT_DI: [acara khusus], name: undagi, id: undagi})",null,null
"(:Node:ISTILAH_UMUM_RITUAL:Isolated {name: upacara mapulang lingga, definition: ngelinggihang lingga dalam diri, id: upacara_mapulang_lingga})",null,null
"(:Node:RITUAL_KEMATIAN:Isolated {name: upacara mesulub, definition: kepercayaan setempat yang telah diwarisi turun temurun sejak jaman dulu di daerah atau desa setempat, id: upacara_mesulub})",null,null
"(:Node:RITUAL_KEMATIAN {name: upacara ngaben titip, id: upacara_ngaben_titip})","[:MENGGUNAKAN {raw_relation: MEMPERGUNAKAN, sentence_id: 1188, confidence: MED}]","(:Node:TIRTHA_SUCI {aliases: [tirtha panglukatan], name: tirta panglukatan, id: tirta_panglukatan})"
"(:Node:RITUAL_KEMATIAN {name: upacara ngaben titip, id: upacara_ngaben_titip})","[:MENGGUNAKAN {raw_relation: MEMPERGUNAKAN, sentence_id: 1188, confidence: MED}]","(:Node:TIRTHA_SUCI {name: tirtha pabersihan, id: tirtha_pabersihan})"
"(:Node:RITUAL_KEMATIAN:Isolated {DILAKUKAN: [minimal 12 hari kemudian], name: upacara ngelungah, id: upacara_ngelungah})",null,null
"(:Node:ISTILAH_UMUM_RITUAL {name: upacara pabresihan mati, id: upacara_pabresihan_mati})","[:ADALAH {raw_relation: ADALAH, sentence_id: 3195, confidence: MED}]","(:Node:TAHAPAN_UPACARA {aliases: [ngelelet], name: pabersihan mati, id: pabersihan_mati})"
"(:Node:ISTILAH_UMUM_RITUAL:Isolated {name: upacara panebusan, definition: sesuatu yang mutlak dalam pengabenan, id: upacara_panebusan})",null,null
"(:Node:RITUAL_KEMATIAN:Isolated {name: upacara pengabenan, definition: upacara penyucian roh atau atman purusa orang yang telah meninggal, agar terlepas dari ikatan panca mahabhuta, sehingga dapat menuju alam dewa swah loka, id: upacara_pengabenan})",null,null
"(:Node:TAHAPAN_UPACARA:Isolated {name: upacara saji tarpana, id: upacara_saji_tarpana})",null,null
"(:Node:TAHAPAN_UPACARA {name: upadesa, definition: tatwa pengarahan hidup, id: upadesa})","[:DIKENAL_SEBAGAI {raw_relation: DIKENAL_DENGAN, sentence_id: 1732, confidence: HIGH}]","(:Node:KONSEP_FILOSOFIS {LAINNYA: [jalan yang harus ditempuh], name: upanisad, id: upanisad})"
"(:Node:KONSEP_HUKUM_ADAT {name: uye, id: uye})","[:BERADA_DI {raw_relation: BERADA_DI, sentence_id: 413, confidence: MED}]","(:Node:KONSEP_HUKUM_ADAT {name: sasih kasanga, id: sasih_kasanga})"
"(:Node:KONSEP_HUKUM_ADAT {name: uye, id: uye})","[:BERADA_DI {raw_relation: BERADA_DI, sentence_id: 413, confidence: MED}]","(:Node:KONSEP_HUKUM_ADAT {name: sasih katiga, id: sasih_katiga})"
"(:Node:SARANA_RITUAL {name: waja, id: waja})","[:BAGIAN_DARI {raw_relation: BAGIAN_DARI, sentence_id: 3559, confidence: HIGH}]","(:Node:SARANA_RITUAL {name: panca datu, MEMILIKI: [daya mistik-religius], id: panca_datu, DIPAKAI_UNTUK: [memohon kepada hyang widhi restu panca dewata]})"
"(:Node:KONSEP_HUKUM_ADAT {name: wayang, id: wayang})","[:BERADA_DI {raw_relation: BERADA_DI, sentence_id: 414, confidence: MED}]","(:Node:KONSEP_HUKUM_ADAT {name: sasih kadasa, id: sasih_kadasa})"
"(:Node:KONSEP_HUKUM_ADAT {name: wayang, id: wayang})","[:BERADA_DI {raw_relation: BERADA_DI, sentence_id: 414, confidence: MED}]","(:Node:KONSEP_HUKUM_ADAT {name: sasih kapat, id: sasih_kapat})"
"(:Node:ISTILAH_UMUM_RITUAL:Isolated {name: wilayah, definition: kantongnya segala sesuatu yang didetasering di dunia ini, id: wilayah})",null,null
"(:Node:KONSEP_HUKUM_ADAT {name: wuku kuningan, id: wuku_kuningan})","[:BERADA_DI {raw_relation: BERADA_DI, sentence_id: 411, confidence: LOW}]","(:Node:KONSEP_HUKUM_ADAT {name: sasih kapitu, id: sasih_kapitu})"
"(:Node:KONSEP_HUKUM_ADAT {name: wuku kuningan, id: wuku_kuningan})","[:BERADA_DI {raw_relation: BERADA_DI, sentence_id: 411, confidence: MED}]","(:Node:KONSEP_HUKUM_ADAT {name: sasih kasa, id: sasih_kasa})"
"(:Node:KONSEP_FILOSOFIS {HARUS_DIRASAKAN_SEBAGAI: [beban bagi pemikulnya], name: yadnya, id: yadnya, BERDASARKAN: [keikhlasan hati, kemulusan, kesungguhan, penuh kesanggupan]})","[:BERPERAN_SEBAGAI {raw_relation: BERPERAN_SEBAGAI, sentence_id: 1289, confidence: HIGH}]","(:Node:KONSEP_HUKUM_ADAT {BERTUJUAN_UNTUK: [mamari-suddha ( menyucikan ) dunia ini], name: swadharma, id: swadharma})"
"(:Node:TIRTHA_SUCI {aliases: [toya penembak], name: yeh panembak, definition: sarana penyucian jenazah yang digunakan oleh penganut sekte paksa surya, id: yeh_panembak})","[:DILETAKKAN_DI {raw_relation: DILETAKKAN_DI, sentence_id: 1898, confidence: HIGH}]","(:Node:BANGUNAN_RITUAL {aliases: [tempat pamrajan], name: pamrajan, id: pamrajan})"
"(:Node:TIRTHA_SUCI {aliases: [toya penembak], name: yeh panembak, definition: sarana penyucian jenazah yang digunakan oleh penganut sekte paksa surya, id: yeh_panembak})","[:DIGUNAKAN_PADA {raw_relation: DIGUNAKAN_PADA, sentence_id: 1898, confidence: MED}]","(:Node:RITUAL_KEMATIAN {aliases: [pangabenan jenis masing-masing], TERDIRI_DARI: [berbagai jenis], name: pangabenan, DIGELAR: [hari kamis], MEMILIKI: [nama sendiri-sendiri], id: pangabenan, DINILAI_SEBAGAI: [tingkat utama]})"
"(:Node:SARANA_RITUAL {MUSNAH: [melalui ritual amrethi karana], aliases: [abu abu kekototan kekotoran, abu seluruhnya, abu suku tunggal, abu tulang], DIHANYUTKAN_KE: [sungai], DIMASUKKAN_KE_DALAM: [klungah nyuh gading yang dikasturi dan disukutunggalkan], name: abu, MENJADI: [mahabutha yang suci], BERUBAH_DARI: [bekas benda badan linggasarira], id: abu})","[:DIMASUKKAN_KE_DALAM {raw_relation: DIMASUKKAN_KE_DALAM, sentence_id: 1221, confidence: MED}]","(:Node:SARANA_RITUAL {name: klungah nyuh gading/suku tunggal, id: klungah_nyuh_gading_suku_tunggal})"
"(:Node:SARANA_RITUAL {MUSNAH: [melalui ritual amrethi karana], aliases: [abu abu kekototan kekotoran, abu seluruhnya, abu suku tunggal, abu tulang], DIHANYUTKAN_KE: [sungai], DIMASUKKAN_KE_DALAM: [klungah nyuh gading yang dikasturi dan disukutunggalkan], name: abu, MENJADI: [mahabutha yang suci], BERUBAH_DARI: [bekas benda badan linggasarira], id: abu})","[:DIGILING_DI_ATAS {raw_relation: DIGILING_DI_ATAS, sentence_id: 2947, confidence: MED}]","(:Node:SARANA_RITUAL {name: sesenden, id: sesenden})"
"(:Node:SARANA_RITUAL {MUSNAH: [melalui ritual amrethi karana], aliases: [abu abu kekototan kekotoran, abu seluruhnya, abu suku tunggal, abu tulang], DIHANYUTKAN_KE: [sungai], DIMASUKKAN_KE_DALAM: [klungah nyuh gading yang dikasturi dan disukutunggalkan], name: abu, MENJADI: [mahabutha yang suci], BERUBAH_DARI: [bekas benda badan linggasarira], id: abu})","[:DISUGUHKAN {raw_relation: DISUGUHKAN, sentence_id: 974, confidence: MED}]","(:Node:SARANA_RITUAL {name: sesaji sederhana, id: sesaji_sederhana})"
"(:Node:SARANA_RITUAL {DIDUDUKKAN_DI: [tempat yang telah ditentukan], aliases: [adegan dan pengawak], DIBAWA_MENGHADAP: [pendeta], BERADA_DI: [balai adat], DIJADIKAN: [unsur arak-arakan indah oleh pemudi-pemudi keluarga bersangkutan], DIAMBIL_OLEH: [keluarga yang ngaben], BERALASKAN: [bakul kecil atau pangkon], DISISIPI: [awak-awakaning sawa yang terbuat dari sebilah papan cendana atau majagau tipis], TERBUAT_DARI: [daun rontal], DIBERI: [perjamuan lain, sajen], MELAKUKAN: [sembah bakti], name: adegan, id: adegan})","[:BERADA_DI {raw_relation: BERADA_DI, sentence_id: 1747, confidence: MED}]","(:Node:ISTILAH_UMUM_RITUAL {name: ruang paturon di samping jenazah, id: ruang_paturon_di_samping_jenazah})"
"(:Node:SARANA_RITUAL {DIDUDUKKAN_DI: [tempat yang telah ditentukan], aliases: [adegan dan pengawak], DIBAWA_MENGHADAP: [pendeta], BERADA_DI: [balai adat], DIJADIKAN: [unsur arak-arakan indah oleh pemudi-pemudi keluarga bersangkutan], DIAMBIL_OLEH: [keluarga yang ngaben], BERALASKAN: [bakul kecil atau pangkon], DISISIPI: [awak-awakaning sawa yang terbuat dari sebilah papan cendana atau majagau tipis], TERBUAT_DARI: [daun rontal], DIBERI: [perjamuan lain, sajen], MELAKUKAN: [sembah bakti], name: adegan, id: adegan})","[:ADALAH {raw_relation: ADALAH, sentence_id: 1461, confidence: MED}]","(:Node:SARANA_RITUAL {name: alat upakara, id: alat_upakara})"
"(:Node:SARANA_RITUAL {DIDUDUKKAN_DI: [tempat yang telah ditentukan], aliases: [adegan dan pengawak], DIBAWA_MENGHADAP: [pendeta], BERADA_DI: [balai adat], DIJADIKAN: [unsur arak-arakan indah oleh pemudi-pemudi keluarga bersangkutan], DIAMBIL_OLEH: [keluarga yang ngaben], BERALASKAN: [bakul kecil atau pangkon], DISISIPI: [awak-awakaning sawa yang terbuat dari sebilah papan cendana atau majagau tipis], TERBUAT_DARI: [daun rontal], DIBERI: [perjamuan lain, sajen], MELAKUKAN: [sembah bakti], name: adegan, id: adegan})","[:ADALAH {raw_relation: ADALAH, sentence_id: 1717, confidence: HIGH}]","(:Node:KONSEP_FILOSOFIS {aliases: [tempat atma mendiang], LEPAS_BEBAS_DARI: [badan], name: atma, definition: Roh atau jiwa yang menghidupkan makhluk hidup., id: atma})"
"(:Node:SARANA_RITUAL {DIDUDUKKAN_DI: [tempat yang telah ditentukan], aliases: [adegan dan pengawak], DIBAWA_MENGHADAP: [pendeta], BERADA_DI: [balai adat], DIJADIKAN: [unsur arak-arakan indah oleh pemudi-pemudi keluarga bersangkutan], DIAMBIL_OLEH: [keluarga yang ngaben], BERALASKAN: [bakul kecil atau pangkon], DISISIPI: [awak-awakaning sawa yang terbuat dari sebilah papan cendana atau majagau tipis], TERBUAT_DARI: [daun rontal], DIBERI: [perjamuan lain, sajen], MELAKUKAN: [sembah bakti], name: adegan, id: adegan})","[:DIUSUNG {raw_relation: DIUSUNG, sentence_id: 1514, confidence: MED}]","(:Node:ISTILAH_UMUM_RITUAL {name: setra tempat jasad mendiang, id: setra_tempat_jasad_mendiang})"
"(:Node:SARANA_RITUAL {DIDUDUKKAN_DI: [tempat yang telah ditentukan], aliases: [adegan dan pengawak], DIBAWA_MENGHADAP: [pendeta], BERADA_DI: [balai adat], DIJADIKAN: [unsur arak-arakan indah oleh pemudi-pemudi keluarga bersangkutan], DIAMBIL_OLEH: [keluarga yang ngaben], BERALASKAN: [bakul kecil atau pangkon], DISISIPI: [awak-awakaning sawa yang terbuat dari sebilah papan cendana atau majagau tipis], TERBUAT_DARI: [daun rontal], DIBERI: [perjamuan lain, sajen], MELAKUKAN: [sembah bakti], name: adegan, id: adegan})","[:BERWUJUD {raw_relation: BERWUJUD, sentence_id: 1688, confidence: MED}]","(:Node:SARANA_RITUAL {name: cili, id: cili, TERBUAT_DARI: [rontal dilapisi kertas emas]})"
"(:Node:ISTILAH_UMUM_RITUAL {name: amrethi karana, id: amrethi_karana})","[:DILAKUKAN_DENGAN {raw_relation: DILAKUKAN_DENGAN, sentence_id: 4212, confidence: LOW}]","(:Node:KONSEP_FILOSOFIS {name: mengucurkan tirtha amertha dalam diri, id: mengucurkan_tirtha_amertha_dalam_diri})"
"(:Node:SARANA_RITUAL {MENGHILANGKAN: [bau busuk], name: anget-angetan, id: anget_angetan, BERMAKNA: [agar orang yang meninggal dapat numitis lagi dan terhindar dari penyakit, serta memiliki budi pekerti dan pikiran yang baik]})","[:DISEMBURKAN_PADA {raw_relation: DISEMBURKAN_PADA, sentence_id: 3165, confidence: MED}]","(:Node:ISTILAH_UMUM_RITUAL {name: hulu hati jenazah, id: hulu_hati_jenazah})"
"(:Node:SARANA_RITUAL {MENGHILANGKAN: [bau busuk], name: anget-angetan, id: anget_angetan, BERMAKNA: [agar orang yang meninggal dapat numitis lagi dan terhindar dari penyakit, serta memiliki budi pekerti dan pikiran yang baik]})","[:DISEMBURKAN_SAAT {raw_relation: DISEMBURKAN_SAAT, sentence_id: 3165, confidence: MED}]","(:Node:TAHAPAN_UPACARA {name: upacara ngelelet, id: upacara_ngelelet})"
"(:Node:SARANA_RITUAL {name: anggapan ani-ani atau ketam, id: anggapan_ani_ani_atau_ketam})",[:TERMASUK_JENIS],"(:Node:SARANA_RITUAL {name: anggapan, definition: pisau khusus yang digunakan untuk memotong padi pada masa lalu, id: anggapan, MELAMBANGKAN: [kesuburan]})"
"(:Node:SARANA_RITUAL {name: anggapan ani-ani atau ketam, id: anggapan_ani_ani_atau_ketam})","[:ADALAH {raw_relation: ADALAH, sentence_id: 3591, confidence: LOW}]","(:Node:ENTITAS_KEAGAMAAN {name: simbol dewi sri, id: simbol_dewi_sri})"
"(:Node:SARANA_RITUAL:Isolated {name: ante, id: ante, TERBUAT_DARI: [bilahan-bilahan bambu]})",null,null
"(:Node:SARANA_RITUAL:Isolated {name: arit gobed, definition: sabit kecil untuk memotong rumput, id: arit_gobed, MELAMBANGKAN: [keperkasaan seorang laki-laki]})",null,null
"(:Node:ENTITAS_KEAGAMAAN:Isolated {MEMANAH: [tanah di samping rsi bisma], name: arjuna, id: arjuna})",null,null
"(:Node:RITUAL_KEMATIAN:Isolated {name: asti wedana, definition: upacara pembakaran tulang belulang yang digali kembali dari kuburan sesuai aturan adat setempat, id: asti_wedana})",null,null
"(:Node:RITUAL_KEMATIAN {name: atiwa-tiwa, id: atiwa_tiwa})","[:BAGIAN_DARI {raw_relation: BAGIAN_DARI, sentence_id: 271, confidence: MED}]","(:Node:RITUAL_KEMATIAN {DITUJUKAN_UNTUK: [jenazah yang telah lama terkubur/terpendam, jenazah yang terlalu jauh dari jangkauan kita], name: ngaben svasta, definition: pelaksanaan atiwa-tiwa terhadap orang yang telah meninggal yang jenazahnya tidak mungkin ditemukan kembali, id: ngaben_svasta})"
"(:Node:RITUAL_KEMATIAN {name: atiwa-tiwa, id: atiwa_tiwa})","[:ADALAH {raw_relation: ADALAH, sentence_id: 271, confidence: HIGH}]","(:Node:RITUAL_KEMATIAN {aliases: [recadana, tirta yadnya pranawa], MENGGUNAKAN: [kayu cendana dan aksara sakral sebagai simbol pengganti jasad], DIMASUKKAN_KE_DALAM: [periuk], name: swasta, definition: upacara yang dilakukan jika jenazah tidak ditemukan atau meninggal di perantauan, id: swasta})"
"(:Node:RITUAL_KEMATIAN {name: atiwa-tiwa asti vedana, id: atiwa_tiwa_asti_vedana})",[:TERMASUK_JENIS],"(:Node:RITUAL_KEMATIAN {name: atiwa-tiwa, id: atiwa_tiwa})"
"(:Node:KONSEP_FILOSOFIS {MEWUJUDKAN: [sanghyang ongkara dan tri aksara dalam diri yang berstana dalam bathin], name: atma lingga, id: atma_lingga})",[:TERMASUK_JENIS],"(:Node:KONSEP_FILOSOFIS {aliases: [tempat atma mendiang], LEPAS_BEBAS_DARI: [badan], name: atma, definition: Roh atau jiwa yang menghidupkan makhluk hidup., id: atma})"
"(:Node:KONSEP_FILOSOFIS {name: atma lingga-sarira, id: atma_lingga_sarira})",[:TERMASUK_JENIS],"(:Node:KONSEP_FILOSOFIS {aliases: [tempat atma mendiang], LEPAS_BEBAS_DARI: [badan], name: atma, definition: Roh atau jiwa yang menghidupkan makhluk hidup., id: atma})"
"(:Node:ISTILAH_UMUM_RITUAL:Isolated {DILAKUKAN_DI: [rumah], name: ayaban, id: ayaban})",null,null
"(:Node:TAHAPAN_UPACARA:Isolated {name: ayaban upakara diuskamaligi, BERTUJUAN_AGAR: [leteh sawa tidak memancar ke luar dan tidak menghimbasi yang lain], id: ayaban_upakara_diuskamaligi})",null,null
"(:Node:SARANA_RITUAL {name: babelonyoh, id: babelonyoh})","[:DIOLESKAN_DI {raw_relation: DIOLESKAN_DI, sentence_id: 3599, confidence: MED}]","(:Node:ISTILAH_UMUM_RITUAL {name: dada jenazah, id: dada_jenazah})"
"(:Node:ISTILAH_UMUM_RITUAL:Isolated {name: badan, BERSINAR_BAGAIKAN: [matahari], id: badan})",null,null
"(:Node:ISTILAH_UMUM_RITUAL:Isolated {name: badan halus mendiang roh/arwah, MENJADI: [atma yang tanpa badan sama sekali], id: badan_halus_mendiang_roh_arwah})",null,null
"(:Node:SARANA_RITUAL {DILETAKKAN_DI: [sebelah hilir atau teben lembu, sebelah hilir lembu], aliases: [wadah], DITUJUKAN_UNTUK: [keluarga yang leluhurnya pernah menjadi punggawa dan pejabat yang sederajat], MENUNJUKKAN: [status sosial seseorang], name: bade, definition: usungan yang tanpa badawang, id: bade, MEMILIKI_TINGKAT: [sembilan, tujuh], DIPAKAI_UNTUK: [keluarga raja, raja-raja bawahan raja bali], MEMAKAI: [hiasan boma dan warna kapas terbatas], BERLAWANAN_DENGAN: [gerak pradaksina yang dilakukan pada upacara dewa yadnya di pura]})","[:ADALAH {raw_relation: ADALAH, sentence_id: 1982, confidence: MED}]","(:Node:ISTILAH_UMUM_RITUAL {name: bangunan untuk sawa, id: bangunan_untuk_sawa})"
"(:Node:SARANA_RITUAL {DILETAKKAN_DI: [sebelah hilir atau teben lembu, sebelah hilir lembu], aliases: [wadah], DITUJUKAN_UNTUK: [keluarga yang leluhurnya pernah menjadi punggawa dan pejabat yang sederajat], MENUNJUKKAN: [status sosial seseorang], name: bade, definition: usungan yang tanpa badawang, id: bade, MEMILIKI_TINGKAT: [sembilan, tujuh], DIPAKAI_UNTUK: [keluarga raja, raja-raja bawahan raja bali], MEMAKAI: [hiasan boma dan warna kapas terbatas], BERLAWANAN_DENGAN: [gerak pradaksina yang dilakukan pada upacara dewa yadnya di pura]})","[:DIPAKAI_UNTUK {raw_relation: DIPAKAI_UNTUK, sentence_id: 2000, confidence: MED}]","(:Node:ISTILAH_UMUM_RITUAL {name: jenazah raja bali, id: jenazah_raja_bali})"
"(:Node:SARANA_RITUAL {DILETAKKAN_DI: [sebelah hilir atau teben lembu, sebelah hilir lembu], aliases: [wadah], DITUJUKAN_UNTUK: [keluarga yang leluhurnya pernah menjadi punggawa dan pejabat yang sederajat], MENUNJUKKAN: [status sosial seseorang], name: bade, definition: usungan yang tanpa badawang, id: bade, MEMILIKI_TINGKAT: [sembilan, tujuh], DIPAKAI_UNTUK: [keluarga raja, raja-raja bawahan raja bali], MEMAKAI: [hiasan boma dan warna kapas terbatas], BERLAWANAN_DENGAN: [gerak pradaksina yang dilakukan pada upacara dewa yadnya di pura]})","[:BERPUTAR_DENGAN {raw_relation: BERPUTAR_DENGAN, sentence_id: 2380, confidence: MED}]","(:Node:TAHAPAN_UPACARA {name: cara prasawya, definition: berputar ke kiri, berlawanan dengan putaran jarum jam, id: cara_prasawya})"
"(:Node:SARANA_RITUAL {BAGIAN_DARI: [alat penting lainnya], name: bade dan lembu, MENJADI: [sarana yang benar-benar ""siap pakai"" hanya setelah diplaspas], id: bade_dan_lembu})",[:TERMASUK_JENIS],"(:Node:SARANA_RITUAL {DILETAKKAN_DI: [sebelah hilir atau teben lembu, sebelah hilir lembu], aliases: [wadah], DITUJUKAN_UNTUK: [keluarga yang leluhurnya pernah menjadi punggawa dan pejabat yang sederajat], MENUNJUKKAN: [status sosial seseorang], name: bade, definition: usungan yang tanpa badawang, id: bade, MEMILIKI_TINGKAT: [sembilan, tujuh], DIPAKAI_UNTUK: [keluarga raja, raja-raja bawahan raja bali], MEMAKAI: [hiasan boma dan warna kapas terbatas], BERLAWANAN_DENGAN: [gerak pradaksina yang dilakukan pada upacara dewa yadnya di pura]})"
"(:Node:ISTILAH_UMUM_RITUAL {name: balai-balai alas memandikan jenazah, id: balai_balai_alas_memandikan_jenazah})",[:TERMASUK_JENIS],"(:Node:BANGUNAN_RITUAL {aliases: [balai-balai], name: bale-bale, id: bale_bale})"
"(:Node:SARANA_RITUAL {name: balai-balai bade, id: balai_balai_bade})",[:TERMASUK_JENIS],"(:Node:BANGUNAN_RITUAL {aliases: [balai-balai], name: bale-bale, id: bale_bale})"
"(:Node:ISTILAH_UMUM_RITUAL {name: balai-balai khusus pemandian jenazah, id: balai_balai_khusus_pemandian_jenazah})",[:TERMASUK_JENIS],"(:Node:BANGUNAN_RITUAL {aliases: [balai-balai], name: bale-bale, id: bale_bale})"
"(:Node:ISTILAH_UMUM_RITUAL {name: balai-balai tempat jenazah, id: balai_balai_tempat_jenazah})",[:TERMASUK_JENIS],"(:Node:BANGUNAN_RITUAL {aliases: [balai-balai], name: bale-bale, id: bale_bale})"
"(:Node:BANGUNAN_RITUAL {name: bale, id: bale, TERBUAT_DARI: [bambu]})","[:TERBUAT_DARI {raw_relation: TERBUAT_DARI, sentence_id: 3333, confidence: HIGH}]","(:Node:SARANA_RITUAL {aliases: [atas galar], TERDIRI_DARI: [bilah-bilah bambu sebanyak 9 buah], name: galar, id: galar})"
"(:Node:BANGUNAN_RITUAL {name: bale adat, id: bale_adat})",[:TERMASUK_JENIS],"(:Node:BANGUNAN_RITUAL {name: bale, id: bale, TERBUAT_DARI: [bambu]})"
"(:Node:BANGUNAN_RITUAL {aliases: [balai-balai], name: bale-bale, id: bale_bale})","[:DILETAKKAN_DI {raw_relation: DILETAKKAN_DI, sentence_id: 3845, confidence: MED}]","(:Node:BANGUNAN_RITUAL {name: pura atau merajan, id: pura_atau_merajan})"
"(:Node:BANGUNAN_RITUAL {aliases: [balai-balai], name: bale-bale, id: bale_bale})","[:ADALAH {raw_relation: ADALAH, sentence_id: 3802, confidence: HIGH}]","(:Node:BANGUNAN_RITUAL {aliases: [ruang bale semanggen], name: bale semanggen, id: bale_semanggen})"
"(:Node:ISTILAH_UMUM_RITUAL:Isolated {name: bale-bale/dipan, id: bale_bale_dipan, DIPAKAI_UNTUK: [warung atau dapur]})",null,null
"(:Node:BANGUNAN_RITUAL {name: bale-bale tempat memandikan mayat, id: bale_bale_tempat_memandikan_mayat})","[:DIKENAL_SEBAGAI {raw_relation: DIKENAL_SEBAGAI, sentence_id: 3330, confidence: MED}]","(:Node:SARANA_RITUAL {DILETAKKAN_DI: [halaman rumah], BERFUNGSI_SEBAGAI: [balai-balai alas ngringkes], aliases: [asagan, atas pepaga/asagan, dusa, pepaga atau asagan, pepaga/asagan], name: pepaga, id: pepaga, TERBUAT_DARI: [bambu, hitungan galir, hitungan galur, hitungan likah, hitungan wangke, hitungan wangkong]})"
"(:Node:BANGUNAN_RITUAL {name: bale-bale tempat memandikan mayat, id: bale_bale_tempat_memandikan_mayat})",[:TERMASUK_JENIS],"(:Node:BANGUNAN_RITUAL {aliases: [balai-balai], name: bale-bale, id: bale_bale})"
"(:Node:BANGUNAN_RITUAL {name: bale banjar, id: bale_banjar})",[:TERMASUK_JENIS],"(:Node:BANGUNAN_RITUAL {name: bale, id: bale, TERBUAT_DARI: [bambu]})"
"(:Node:BANGUNAN_RITUAL {name: bale gede, id: bale_gede})",[:TERMASUK_JENIS],"(:Node:BANGUNAN_RITUAL {name: bale, id: bale, TERBUAT_DARI: [bambu]})"
"(:Node:BANGUNAN_RITUAL {DIKELILINGI_OLEH: [bade dengan jenazahnya sebanyak tiga kali], name: bale pamuunan, definition: tempat unsur jenazah bersangkutan, id: bale_pamuunan, DIHUNI: [lembu]})",[:TERMASUK_JENIS],"(:Node:BANGUNAN_RITUAL {name: bale, id: bale, TERBUAT_DARI: [bambu]})"
"(:Node:BANGUNAN_RITUAL {name: bale penusangan istilah denpasar, id: bale_penusangan_istilah_denpasar})",[:TERMASUK_JENIS],"(:Node:SARANA_RITUAL {DILETAKKAN_DI: [halaman rumah], BERFUNGSI_SEBAGAI: [balai-balai alas ngringkes], aliases: [asagan, atas pepaga/asagan, dusa, pepaga atau asagan, pepaga/asagan], name: pepaga, id: pepaga, TERBUAT_DARI: [bambu, hitungan galir, hitungan galur, hitungan likah, hitungan wangke, hitungan wangkong]})"
"(:Node:BANGUNAN_RITUAL {DILETAKKAN_DI: [sekitar empat atau lima meter di arah hulu dari tempat pembakaran jenazah], BERWUJUD: [rumah kecil sederhana], name: bale salunglung, DIBAWA_KE: [tempat pembakaran], definition: simbol pitraloka untuk tempat badan halus nya mendiang, id: bale_salunglung, DIBUAT_DI: [rumah]})",[:TERMASUK_JENIS],"(:Node:BANGUNAN_RITUAL {name: bale, id: bale, TERBUAT_DARI: [bambu]})"
"(:Node:BANGUNAN_RITUAL {aliases: [ruang bale semanggen], name: bale semanggen, id: bale_semanggen})",[:TERMASUK_JENIS],"(:Node:BANGUNAN_RITUAL {name: bale, id: bale, TERBUAT_DARI: [bambu]})"
"(:Node:ISTILAH_UMUM_RITUAL {name: bale tempat jenazah, id: bale_tempat_jenazah})",[:TERMASUK_JENIS],"(:Node:BANGUNAN_RITUAL {name: bale, id: bale, TERBUAT_DARI: [bambu]})"
"(:Node:PLACE:Isolated {MENONJOLKAN: [tradisi asli], name: bali aga, MEMPERTAHANKAN: [tradisi asli kuno], id: bali_aga, TIDAK_MENGGUNAKAN: [pembakaran fisik secara masif]})",null,null
"(:Node:PLACE {MENGGUNAKAN: [sarana mewah], name: bali dataran, id: bali_dataran})","[:MENDAPAT_PENGARUH_DARI {raw_relation: MENDAPAT_PENGARUH_DARI, sentence_id: 104, confidence: LOW}]","(:Node:AGAMA {name: tradisi hindu-majapahit, id: tradisi_hindu_majapahit})"
"(:Node:ISTILAH_UMUM_RITUAL:Isolated {DIGANTI_DENGAN: [bantal sesisir buah pisang kayu], name: bantal kapuk, id: bantal_kapuk})",null,null
"(:Node:SARANA_RITUAL {DISUCIKAN_DENGAN: [sajen], aliases: [upakara], DILENGKAPI: [keris, satu dua perhiasan pusaka], name: banten, definition: Sesajen atau persembahan suci sebagai sarana ritual., id: banten})","[:DIPERSEMBAHKAN_KEPADA {raw_relation: DIPERSEMBAHKAN_KEPADA, sentence_id: 633, confidence: MED}]","(:Node:ENTITAS_KEAGAMAAN {name: sulinggih utawi pinandita, id: sulinggih_utawi_pinandita})"
"(:Node:SARANA_RITUAL {DISUCIKAN_DENGAN: [sajen], aliases: [upakara], DILENGKAPI: [keris, satu dua perhiasan pusaka], name: banten, definition: Sesajen atau persembahan suci sebagai sarana ritual., id: banten})","[:TIDAK_MENJAMIN {raw_relation: TIDAK_MENJAMIN, sentence_id: 133, confidence: MED}]","(:Node:KONSEP_FILOSOFIS {name: sorga, id: sorga})"
"(:Node:SARANA_RITUAL {DISUCIKAN_DENGAN: [sajen], aliases: [upakara], DILENGKAPI: [keris, satu dua perhiasan pusaka], name: banten, definition: Sesajen atau persembahan suci sebagai sarana ritual., id: banten})","[:BERUPA {raw_relation: BERUPA, sentence_id: 1776, confidence: MED}]","(:Node:SARANA_RITUAL {DIIKAT_DENGAN: [benang tridatu merah, hitam dan putih, benang tridatu], aliases: [5 biji uang kepeng, 7 biji uang kepeng, 9 biji uang kepeng, pipis bolong, sejumlah uang kepeng, wang kepeng/bolong], name: uang kepeng, id: uang_kepeng})"
"(:Node:SARANA_RITUAL {DISUCIKAN_DENGAN: [sajen], aliases: [upakara], DILENGKAPI: [keris, satu dua perhiasan pusaka], name: banten, definition: Sesajen atau persembahan suci sebagai sarana ritual., id: banten})","[:DISUCIKAN_DENGAN {raw_relation: DISUCIKAN_DENGAN, sentence_id: 1468, confidence: MED}]","(:Node:TIRTHA_SUCI {aliases: [tirtha panglukatan], name: tirta panglukatan, id: tirta_panglukatan})"
"(:Node:SARANA_RITUAL {name: banten bebangkit atau pulagembal, id: banten_bebangkit_atau_pulagembal, BERPERAN_SEBAGAI: [dasar]})",[:TERMASUK_JENIS],"(:Node:SARANA_RITUAL {DISUCIKAN_DENGAN: [sajen], aliases: [upakara], DILENGKAPI: [keris, satu dua perhiasan pusaka], name: banten, definition: Sesajen atau persembahan suci sebagai sarana ritual., id: banten})"
"(:Node:SARANA_RITUAL {DIGUNAKAN_SEBELUM: [upacara pabresihan mati], name: banten pamegat, id: banten_pamegat})",[:TERMASUK_JENIS],"(:Node:SARANA_RITUAL {DISUCIKAN_DENGAN: [sajen], aliases: [upakara], DILENGKAPI: [keris, satu dua perhiasan pusaka], name: banten, definition: Sesajen atau persembahan suci sebagai sarana ritual., id: banten})"
"(:Node:SARANA_RITUAL {DIGUNAKAN_SEBELUM: [upacara pabresihan mati], name: banten pamegat, id: banten_pamegat})","[:DIGUNAKAN_SAAT {raw_relation: DIGUNAKAN_SAAT, sentence_id: 3195, confidence: MED}]","(:Node:SARANA_RITUAL {name: acara maktining layon, id: acara_maktining_layon})"
"(:Node:SARANA_RITUAL {name: banten teben, id: banten_teben})",[:TERMASUK_JENIS],"(:Node:SARANA_RITUAL {DISUCIKAN_DENGAN: [sajen], aliases: [upakara], DILENGKAPI: [keris, satu dua perhiasan pusaka], name: banten, definition: Sesajen atau persembahan suci sebagai sarana ritual., id: banten})"
"(:Node:SARANA_RITUAL:Isolated {name: beras catur, definition: lambang kekuatan panca dewata selaku manifestasi hyang widhi yang mengelola alam semesta bhuwana agung, id: beras_catur})",null,null
"(:Node:ISTILAH_UMUM_RITUAL {name: besi, id: besi, BERWARNA: [hitam]})","[:BERDEWA {raw_relation: BERDEWA, sentence_id: 3758, confidence: LOW}]","(:Node:ENTITAS_KEAGAMAAN {name: dewa wishnu, id: dewa_wishnu, TIDUR_DI: [atas samudra dialasi dan dipayungi naga/ular cobra berkepala banyak]})"
"(:Node:ISTILAH_UMUM_RITUAL {name: besi paku, id: besi_paku})","[:DILETAKKAN_DI {raw_relation: DITARUH_DI, sentence_id: 3760, confidence: LOW}]","(:Node:ISTILAH_UMUM_RITUAL {name: lengan jenazah, id: lengan_jenazah})"
"(:Node:ENTITAS_KEAGAMAAN {DIPENDAK_SECARA: [khusus], name: bhatara, id: bhatara})","[:DIPERSILAKAN_DI {raw_relation: DIPERSILAKAN_DI, sentence_id: 2777, confidence: MED}]","(:Node:SARANA_RITUAL {DIBUKA: [keampigan], name: puspa lingga, id: puspa_lingga})"
"(:Node:ENTITAS_KEAGAMAAN {DIPENDAK_SECARA: [khusus], name: bhatara, id: bhatara})","[:DIPERSILAKAN_UNTUK {raw_relation: DIPERSILAKAN_UNTUK, sentence_id: 2777, confidence: MED}]","(:Node:KONSEP_FILOSOFIS {name: utpeti, definition: masuk dan menghuni, id: utpeti})"
"(:Node:ISTILAH_UMUM_RITUAL {name: bhatara-bhatari, id: bhatara_bhatari})","[:BERSEMAYAM_DI {raw_relation: BERSEMAYAM_DI, sentence_id: 2448, confidence: LOW}]","(:Node:BANGUNAN_RITUAL {name: pura dan pamrajan panyiwiannya, id: pura_dan_pamrajan_panyiwiannya})"
"(:Node:KONSEP_FILOSOFIS {name: bhetara hyang guru, id: bhetara_hyang_guru})",[:TERMASUK_JENIS],"(:Node:ENTITAS_KEAGAMAAN {DIPENDAK_SECARA: [khusus], name: bhatara, id: bhatara})"
"(:Node:KONSEP_FILOSOFIS:Isolated {name: bhuwana alit, MEMILIKI: [11 bidang yang mudah ditimpa suasana sebel], id: bhuwana_alit})",null,null
"(:Node:ISTILAH_UMUM_RITUAL {name: bilahan-bilahan bambu ante, id: bilahan_bilahan_bambu_ante})","[:DIKENAL_SEBAGAI {raw_relation: DIKENAL_SEBAGAI, sentence_id: 3816, confidence: MED}]","(:Node:SARANA_RITUAL {aliases: [atas galar], TERDIRI_DARI: [bilah-bilah bambu sebanyak 9 buah], name: galar, id: galar})"
"(:Node:ISTILAH_UMUM_RITUAL:Isolated {name: boneka naga raksasa, id: boneka_naga_raksasa, MELAMBANGKAN: [pengikat keinginan duniawi raja]})",null,null
"(:Node:SARANA_RITUAL {name: daksina tapakan, id: daksina_tapakan})",[:TERMASUK_JENIS],"(:Node:SARANA_RITUAL {name: daksina, definition: penegasan secara formal bahwa yadnya sudah selesai siddhaning yadnya, id: daksina})"
"(:Node:SARANA_RITUAL {name: daksina tapakan, id: daksina_tapakan})","[:DITUJUKAN_UNTUK {raw_relation: DITUJUKAN_UNTUK, sentence_id: 2986, confidence: HIGH}]","(:Node:ENTITAS_KEAGAMAAN {DIPENDAK_SECARA: [khusus], name: bhatara, id: bhatara})"
"(:Node:SARANA_RITUAL {name: daksina tapakan, id: daksina_tapakan})","[:DITUJUKAN_UNTUK {raw_relation: DITUJUKAN_UNTUK, sentence_id: 2986, confidence: HIGH}]","(:Node:ENTITAS_KEAGAMAAN {name: bhatari, id: bhatari})"
"(:Node:SARANA_RITUAL {DINYALAKAN_SAAT: [ngaben jenis sawa wedana dan angenan turut dinyalakan], name: damar kurung, BERTUJUAN_AGAR: [keletehan yang dipancarkan sawa mendiang diblokir terbatas, hanya sebatas tanah pekarangan keluarga mendiang], id: damar_kurung})","[:ADALAH {raw_relation: ADALAH, sentence_id: 1136, confidence: MED}]","(:Node:ENTITAS_KEAGAMAAN {name: sarana permohonan kepada sanghyang agni, id: sarana_permohonan_kepada_sanghyang_agni})"
"(:Node:SARANA_RITUAL {name: daun dapdap, id: daun_dapdap})","[:DILETAKKAN_DI {raw_relation: DILETAKKAN_DI, sentence_id: 3118, confidence: HIGH}]","(:Node:SARANA_RITUAL {aliases: [atas takir], name: takir, id: takir})"
"(:Node:SARANA_RITUAL {name: daun dapdap, id: daun_dapdap})","[:DIGUNAKAN_SAAT {raw_relation: DIGUNAKAN_SAAT, sentence_id: 3118, confidence: MED}]","(:Node:TAHAPAN_UPACARA {name: upacara nyiramang layon, id: upacara_nyiramang_layon})"
"(:Node:SARANA_RITUAL:Isolated {DILETAKKAN_DI: [kedua alis jenazah ketika upacara mabersih mati / ngelelet], DIGUNAKAN_SEBANYAK: [2 lembar], name: daun intaran, id: daun_intaran})",null,null
"(:Node:ISTILAH_UMUM_RITUAL:Isolated {BERFUNGSI_SEBAGAI: [tikar], name: daun pisang saba, id: daun_pisang_saba})",null,null